1.903298399999999932e-02,9.803921570000000418e-01
7.767672541999999680e+00,9.803921570000000418e-01
8.243350108999999648e+00,9.803921570000000418e-01
8.528053590000000739e+00,1.034858387999999962e+00
8.748076355000000248e+00,1.034858387999999962e+00
9.050295453000000379e+00,1.034858387999999962e+00
9.363041892000000033e+00,9.803921570000000418e-01
9.852313848999999735e+00,1.034858387999999962e+00
1.063472271000000013e+01,1.034858387999999962e+00
1.119055069999999930e+01,1.034858387999999962e+00
1.187583884000000012e+01,1.034858387999999962e+00
1.249641867000000062e+01,1.089324619000000105e+00
1.260297616999999981e+01,1.089324619000000105e+00
1.271044228999999959e+01,1.089324619000000105e+00
1.314954892999999991e+01,1.089324619000000105e+00
1.419393477000000026e+01,1.034858387999999962e+00
1.443703140000000040e+01,1.034858387999999962e+00
1.480950509000000004e+01,1.034858387999999962e+00
1.506314446999999923e+01,1.034858387999999962e+00
1.532112788000000059e+01,1.034858387999999962e+00
1.532112788000000059e+01,1.034858387999999962e+00
1.545177179999999950e+01,1.034858387999999962e+00
1.625936476000000042e+01,1.034858387999999962e+00
1.740219211000000143e+01,1.034858387999999962e+00
1.831155518999999998e+01,1.089324619000000105e+00
1.943309990999999926e+01,1.034858387999999962e+00
2.115522088999999895e+01,1.034858387999999962e+00
2.264216489000000010e+01,1.034858387999999962e+00
2.464889452999999975e+01,9.803921570000000418e-01
2.402872822000000141e+01,1.034858387999999962e+00
2.507105113000000074e+01,9.803921570000000418e-01
2.706203649000000055e+01,9.803921570000000418e-01
3.073814913000000004e+01,9.259259260000000102e-01
3.461811260000000345e+01,9.259259260000000102e-01
2.954257359999999943e-01,2.832244009000000062e+00
3.327131620000000067e-01,2.886710240000000205e+00
2.468400821999999994e+00,1.742919389999999957e+00
4.397085740999999715e+00,1.797385621000000100e+00
5.123146589000000084e+00,1.851851852000000020e+00
4.746274663000000338e+00,1.797385621000000100e+00
5.868532550000000292e+00,1.960784314000000084e+00
6.722740607999999618e+00,1.742919389999999957e+00
7.443769466000000001e+00,1.797385621000000100e+00
7.700928777999999753e+00,1.797385621000000100e+00
7.014231220000000100e+00,1.797385621000000100e+00
8.242206505000000405e+00,1.797385621000000100e+00
8.972447755999999330e+00,1.906318082999999941e+00
1.010491335999999940e+01,1.960784314000000084e+00
1.128398980999999957e+01,2.069716775999999925e+00
1.228395356000000049e+01,2.069716775999999925e+00
1.360156066000000052e+01,2.069716775999999925e+00
1.468171114999999993e+01,2.069716775999999925e+00
1.571364943999999930e+01,2.069716775999999925e+00
1.667592359000000002e+01,2.069716775999999925e+00
1.710616042999999920e+01,2.069716775999999925e+00
1.910252011000000039e+01,2.069716775999999925e+00
2.010092088000000032e+01,2.069716775999999925e+00
1.063314899999999952e+01,1.906318082999999941e+00
1.197511075000000069e+01,2.015250544999999782e+00
1.325946796999999933e+01,2.069716775999999925e+00
1.862207285999999939e+01,2.069716775999999925e+00
1.846479499999999874e+01,2.015250544999999782e+00
5.390860007999999759e+00,1.906318082999999941e+00
1.508209155000000079e+00,2.777777777999999920e+00
3.805364640000000076e+00,2.886710240000000205e+00
5.528920680999999782e+00,2.995642702000000046e+00
5.817945716999999739e+00,2.941176470999999903e+00
6.333461407999999793e+00,2.995642702000000046e+00
6.721372767000000081e+00,2.941176470999999903e+00
7.132976915999999612e+00,2.941176470999999903e+00
8.101847040000000888e+00,2.941176470999999903e+00
9.601320876000000837e+00,2.995642702000000046e+00
7.634193598999999608e+00,3.050108932000000106e+00
8.745002166000000798e+00,3.104575162999999804e+00
1.018919335000000004e+01,3.050108932000000106e+00
1.099835507000000057e+01,3.050108932000000106e+00
1.177140009000000020e+01,3.050108932000000106e+00
1.228190859999999951e+01,3.050108932000000106e+00
1.325713799000000037e+01,3.104575162999999804e+00
1.418894683000000079e+01,3.104575162999999804e+00
1.531602716000000086e+01,2.995642702000000046e+00
1.681547566000000060e+01,2.995642702000000046e+00
1.625410202000000126e+01,2.941176470999999903e+00
2.539022800000000080e-02,3.921568627000000085e+00
6.342425109999999533e-01,3.812636165999999882e+00
6.963352430000000481e-01,3.812636165999999882e+00
8.907529520000000423e-01,3.812636165999999882e+00
9.947075060000000191e-01,3.812636165999999882e+00
1.397002934000000085e+00,3.812636165999999882e+00
1.457588920000000066e+00,3.812636165999999882e+00
1.560024526000000078e+00,3.867102397000000025e+00
1.641559824000000001e+00,3.867102397000000025e+00
1.742085840999999968e+00,3.867102397000000025e+00
1.848767880999999891e+00,3.867102397000000025e+00
1.995585409999999893e+00,3.867102397000000025e+00
2.135830025999999826e+00,3.921568627000000085e+00
2.364902539000000026e+00,3.976034857999999783e+00
2.826570298000000037e+00,3.867102397000000025e+00
2.949154543000000128e+00,3.867102397000000025e+00
3.129755187000000216e+00,3.867102397000000025e+00
3.293333077999999858e+00,3.867102397000000025e+00
3.524812669000000120e+00,3.867102397000000025e+00
4.470822076000000145e+00,3.867102397000000025e+00
4.744606759999999923e+00,3.867102397000000025e+00
5.209058503999999701e+00,3.921568627000000085e+00
5.528051388999999816e+00,3.921568627000000085e+00
5.866578793999999597e+00,3.921568627000000085e+00
6.332348480000000279e+00,4.030501089000000370e+00
6.777432350999999855e+00,4.030501089000000370e+00
7.378034336999999887e+00,4.030501089000000370e+00
7.763650217000000353e+00,4.030501089000000370e+00
8.239157670999999183e+00,3.976034857999999783e+00
8.818266069999999957e+00,3.976034857999999783e+00
9.681579750999999234e+00,3.976034857999999783e+00
1.045042997999999912e+01,3.976034857999999783e+00
9.279070405000000576e+00,4.030501089000000370e+00
1.109049712000000021e+01,3.921568627000000085e+00
1.167003839000000021e+01,3.976034857999999783e+00
1.238480400999999986e+01,3.921568627000000085e+00
1.336832732999999962e+01,3.921568627000000085e+00
1.394809225000000019e+01,3.921568627000000085e+00
1.455300073999999988e+01,3.921568627000000085e+00
1.544419897000000041e+01,3.921568627000000085e+00
1.611399142999999867e+01,3.921568627000000085e+00
1.845898915000000073e+01,3.867102397000000025e+00
5.322129999999999569e-03,4.901960783999999904e+00
1.838550200000000148e-02,4.793028321999999619e+00
2.053116600000000000e-02,4.793028321999999619e+00
2.371930400000000008e-02,4.793028321999999619e+00
3.981386499999999690e-02,4.901960783999999904e+00
5.359182199999999729e-02,4.901960783999999904e+00
2.067372160000000014e-01,4.901960783999999904e+00
2.759328030000000043e-01,4.793028321999999619e+00
4.043253250000000132e-01,4.956427015000000047e+00
5.874773039999999780e-01,4.847494552999999762e+00
7.264066230000000290e-01,4.847494552999999762e+00
8.463610329999999848e-01,4.847494552999999762e+00
7.840932720000000078e-01,4.847494552999999762e+00
7.908597299999999830e-01,4.248366013000000052e+00
9.531852560000000363e-01,4.901960783999999904e+00
1.082666139000000083e+00,4.847494552999999762e+00
1.272207547000000050e+00,4.847494552999999762e+00
1.613649893000000057e+00,4.847494552999999762e+00
1.912336400999999908e+00,4.793028321999999619e+00
2.081803682999999960e+00,4.793028321999999619e+00
2.209289400999999931e+00,4.793028321999999619e+00
2.509376519999999999e+00,4.793028321999999619e+00
2.574308612999999912e+00,4.357298475000000337e+00
2.778461325999999953e+00,4.956427015000000047e+00
3.209938340999999973e+00,4.901960783999999904e+00
3.524160686000000098e+00,4.956427015000000047e+00
3.771864533000000019e+00,4.956427015000000047e+00
4.036978823000000105e+00,4.956427015000000047e+00
4.432242530999999985e+00,4.901960783999999904e+00
5.164108580999999809e+00,4.956427015000000047e+00
4.784134884000000199e+00,5.010893246000000190e+00
5.621741163000000263e+00,4.956427015000000047e+00
6.172113086000000415e+00,4.956427015000000047e+00
6.892360465000000325e+00,5.010893246000000190e+00
7.503147142000000436e+00,5.010893246000000190e+00
7.962625673999999876e+00,5.010893246000000190e+00
8.522297376999999230e+00,5.010893246000000190e+00
9.680057551000000871e+00,4.901960783999999904e+00
1.238285678999999995e+01,4.847494552999999762e+00
1.680894457999999858e+01,5.283224401000000015e+00
2.026088767999999973e+01,5.392156863000000300e+00
1.517922852000000056e+01,5.827886709999999582e+00
1.370891675000000021e+01,5.773420479000000327e+00
1.217254765000000027e+01,5.718954248000000185e+00
1.127689492000000016e+01,5.773420479000000327e+00
9.844206848000000676e+00,5.882352940999999724e+00
1.071677827000000072e+01,5.773420479000000327e+00
9.276324403000000274e+00,5.773420479000000327e+00
8.449069494999999819e+00,5.827886709999999582e+00
7.961521014999999757e+00,5.827886709999999582e+00
7.375850918000000256e+00,5.773420479000000327e+00
6.330474515999999774e+00,5.773420479000000327e+00
6.891404285000000129e+00,5.827886709999999582e+00
5.914688310999999921e+00,5.827886709999999582e+00
5.119688598999999840e+00,5.827886709999999582e+00
5.717177437000000140e+00,5.827886709999999582e+00
5.479537844000000213e+00,5.827886709999999582e+00
4.783515422999999878e+00,5.773420479000000327e+00
4.211472385999999624e+00,5.773420479000000327e+00
4.507402156999999576e+00,5.882352940999999724e+00
3.968451901999999976e+00,5.773420479000000327e+00
3.707837875000000061e+00,5.773420479000000327e+00
3.435047949999999961e+00,5.773420479000000327e+00
3.076059126000000088e+00,5.773420479000000327e+00
3.236830571000000045e+00,5.773420479000000327e+00
2.825655408999999896e+00,5.773420479000000327e+00
2.551976407999999807e+00,5.664488017000000042e+00
2.404649416999999900e+00,5.827886709999999582e+00
2.190245294999999981e+00,5.773420479000000327e+00
2.029125180999999944e+00,5.718954248000000185e+00
1.848203671000000048e+00,5.664488017000000042e+00
1.655067537999999949e+00,5.610021785999999899e+00
1.741570296999999989e+00,5.610021785999999899e+00
1.559562859999999995e+00,5.610021785999999899e+00
1.420495477000000006e+00,5.610021785999999899e+00
1.315987980999999918e+00,5.610021785999999899e+00
1.229565129999999895e+00,5.610021785999999899e+00
1.110454993000000057e+00,5.610021785999999899e+00
1.002883264999999913e+00,5.610021785999999899e+00
9.212444910000000542e-01,5.610021785999999899e+00
8.534674669999999796e-01,5.610021785999999899e+00
7.514044279999999576e-01,5.610021785999999899e+00
6.961227340000000208e-01,5.610021785999999899e+00
6.559533899999999695e-01,5.610021785999999899e+00
6.025561179999999739e-01,5.610021785999999899e+00
5.775103339999999585e-01,5.610021785999999899e+00
4.750574730000000079e-01,5.610021785999999899e+00
4.147031660000000119e-01,5.718954248000000185e+00
3.745336060000000189e-01,5.664488017000000042e+00
2.555919150000000029e-01,5.718954248000000185e+00
2.138477010000000011e-01,5.773420479000000327e+00
2.015077479999999865e-01,5.773420479000000327e+00
1.835425470000000003e-01,5.664488017000000042e+00
1.363542110000000029e-01,5.718954248000000185e+00
1.284859730000000033e-01,5.718954248000000185e+00
1.150560759999999932e-01,5.827886709999999582e+00
1.065912670000000034e-01,5.827886709999999582e+00
9.791430499999999315e-02,5.827886709999999582e+00
9.876201199999999625e-02,5.065359477000000332e+00
8.918403799999999326e-02,5.773420479000000327e+00
8.192409500000000233e-02,5.773420479000000327e+00
7.918764799999999937e-02,5.827886709999999582e+00
6.404316100000000123e-02,5.773420479000000327e+00
5.833238500000000049e-02,5.773420479000000327e+00
4.521424200000000171e-02,5.882352940999999724e+00
4.048938199999999737e-02,5.827886709999999582e+00
3.783038500000000109e-02,5.827886709999999582e+00
3.475083799999999917e-02,5.827886709999999582e+00
3.085656999999999983e-02,5.718954248000000185e+00
2.907600999999999936e-02,5.718954248000000185e+00
1.853936100000000073e-02,5.718954248000000185e+00
7.102149000000000309e-03,5.882352940999999724e+00
5.695312000000000117e-03,5.827886709999999582e+00
1.203981999999999926e-03,6.862745098000000432e+00
1.344490999999999959e-03,6.862745098000000432e+00
6.094549000000000320e-03,6.862745098000000432e+00
7.472101000000000090e-03,6.862745098000000432e+00
1.023052900000000036e-02,6.644880173999999862e+00
1.113713799999999955e-02,6.644880173999999862e+00
2.648058600000000040e-02,6.318082788999999977e+00
2.581242400000000048e-02,6.808278867000000290e+00
4.963339800000000218e-02,6.753812636000000147e+00
8.546121299999999421e-02,6.862745098000000432e+00
1.065735230000000033e-01,6.808278867000000290e+00
1.306623530000000089e-01,6.808278867000000290e+00
1.997633570000000025e-01,6.971677559999999829e+00
4.217237810000000198e-01,6.862745098000000432e+00
5.040465170000000272e-01,6.808278867000000290e+00
1.055065122000000022e+00,6.917211328999999687e+00
1.432290123000000026e+00,6.917211328999999687e+00
2.098836914000000053e+00,6.808278867000000290e+00
2.227345113000000154e+00,6.862745098000000432e+00
2.424727814000000148e+00,6.862745098000000432e+00
2.595155458999999887e+00,6.862745098000000432e+00
2.825106617999999958e+00,6.917211328999999687e+00
3.348064668000000133e+00,6.808278867000000290e+00
3.835187250999999797e+00,6.917211328999999687e+00
3.583391196000000001e+00,6.808278867000000290e+00
4.139753726000000356e+00,6.917211328999999687e+00
4.545080203999999569e+00,6.862745098000000432e+00
5.032596696999999786e+00,6.862745098000000432e+00
5.716172803000000080e+00,6.862745098000000432e+00
5.340783393999999795e+00,6.862745098000000432e+00
8.889923386999999622e+00,6.318082788999999977e+00
1.429869062999999940e+01,7.734204792999999967e+00
1.504448660000000082e+01,8.333333333000000565e+00
1.127220222000000049e+01,8.224400871000000279e+00
9.040088684000000541e+00,7.679738561999999824e+00
8.164283880999999354e+00,7.734204792999999967e+00
7.499747354000000144e+00,7.679738561999999824e+00
7.066978938000000099e+00,7.679738561999999824e+00
6.382388259999999924e+00,7.679738561999999824e+00
6.715904186999999581e+00,7.734204792999999967e+00
5.912773877000000233e+00,7.734204792999999967e+00
5.715379794999999596e+00,7.679738561999999824e+00
5.340042464999999794e+00,7.679738561999999824e+00
4.989354085000000438e+00,7.679738561999999824e+00
4.505984902999999875e+00,7.734204792999999967e+00
4.245851935000000132e+00,7.897603486000000395e+00
4.741448129000000122e+00,7.788671024000000109e+00
3.552469455000000220e+00,7.843137255000000252e+00
3.376020414000000081e+00,7.843137255000000252e+00
3.208335491999999789e+00,7.843137255000000252e+00
2.997694871999999844e+00,7.734204792999999967e+00
2.639211555000000153e+00,7.734204792999999967e+00
2.777150988999999903e+00,7.734204792999999967e+00
2.508123488999999928e+00,7.734204792999999967e+00
2.189516117000000150e+00,7.734204792999999967e+00
2.363350011000000084e+00,7.843137255000000252e+00
2.063133238999999897e+00,7.843137255000000252e+00
1.927644268999999966e+00,7.843137255000000252e+00
1.755771033000000036e+00,7.788671024000000109e+00
1.640466986999999932e+00,7.788671024000000109e+00
1.481565768999999921e+00,7.734204792999999967e+00
1.372565260000000009e+00,7.734204792999999967e+00
1.271595806000000106e+00,7.679738561999999824e+00
1.158185234999999924e+00,7.788671024000000109e+00
1.082115511999999891e+00,7.843137255000000252e+00
9.856224660000000304e-01,7.843137255000000252e+00
9.287563039999999770e-01,7.788671024000000109e+00
8.677635219999999538e-01,7.788671024000000109e+00
6.841416439999999932e-01,7.843137255000000252e+00
6.392130639999999975e-01,7.843137255000000252e+00
5.871785219999999805e-01,7.843137255000000252e+00
4.789266540000000072e-01,7.843137255000000252e+00
4.041271670000000094e-01,7.843137255000000252e+00
3.296225329999999953e-01,7.843137255000000252e+00
3.079757410000000251e-01,7.843137255000000252e+00
2.307511590000000112e-01,7.788671024000000109e+00
1.963724129999999957e-01,7.788671024000000109e+00
1.803869009999999884e-01,7.788671024000000109e+00
1.374660410000000110e-01,7.897603486000000395e+00
1.295348440000000101e-01,7.843137255000000252e+00
1.200048150000000008e-01,7.843137255000000252e+00
1.102359349999999932e-01,7.843137255000000252e+00
1.012622819999999951e-01,7.843137255000000252e+00
9.869808900000000274e-02,8.877995643000000214e+00
1.003968279999999935e-01,8.387799563999999819e+00
9.381229900000000177e-02,7.843137255000000252e+00
8.765231900000000631e-02,7.788671024000000109e+00
8.051706399999999930e-02,7.788671024000000109e+00
7.029026700000000349e-02,7.679738561999999824e+00
6.348053800000000302e-02,7.734204792999999967e+00
5.981743199999999677e-02,7.734204792999999967e+00
5.004829100000000169e-02,7.734204792999999967e+00
4.295417199999999880e-02,7.843137255000000252e+00
3.979471999999999871e-02,7.734204792999999967e+00
3.329529999999999990e-02,7.788671024000000109e+00
1.917309899999999900e-02,7.788671024000000109e+00
6.250689999999999719e-03,7.897603486000000395e+00
1.719589000000000100e-03,7.843137255000000252e+00
1.213878000000000049e-03,8.660130718999999644e+00
1.124185999999999892e-03,1.067538125999999998e+01
1.661352000000000054e-03,1.072984748999999915e+01
2.161600999999999974e-03,1.072984748999999915e+01
4.192650000000000023e-03,9.586056644999999321e+00
8.063624000000000139e-03,8.224400871000000279e+00
9.003933000000000422e-03,8.714596950000000675e+00
1.687760400000000091e-02,8.714596950000000675e+00
1.852993199999999896e-02,8.714596950000000675e+00
2.310691900000000007e-02,8.823529411999999184e+00
2.646956599999999993e-02,8.769063180999999929e+00
3.473284299999999936e-02,8.877995643000000214e+00
6.293158899999999611e-02,8.877995643000000214e+00
2.448434210000000055e-01,8.714596950000000675e+00
2.951280439999999783e-01,8.769063180999999929e+00
3.003659470000000220e-01,5.174291938999999729e+00
2.010945779000000044e+00,8.714596950000000675e+00
2.226624178999999870e+00,8.769063180999999929e+00
2.594267482999999874e+00,8.877995643000000214e+00
2.403448680999999976e+00,8.769063180999999929e+00
2.776611619000000086e+00,8.877995643000000214e+00
3.180738433000000143e+00,8.714596950000000675e+00
3.643583491999999868e+00,8.714596950000000675e+00
8.734978115000000543e+00,9.858387799999999146e+00
7.246825678000000437e+00,9.694989106999999606e+00
6.167034347999999611e+00,9.803921568999999892e+00
5.961096810999999995e+00,9.803921568999999892e+00
5.475889946999999758e+00,9.749455338000000637e+00
4.739825761999999720e+00,9.803921568999999892e+00
5.338116529999999749e+00,9.803921568999999892e+00
5.030130246999999777e+00,9.749455338000000637e+00
4.542852683999999641e+00,9.749455338000000637e+00
3.736965298999999963e+00,9.694989106999999606e+00
3.126659264999999799e+00,9.694989106999999606e+00
2.872109925999999813e+00,9.749455338000000637e+00
2.706376548000000160e+00,9.749455338000000637e+00
2.528644851000000138e+00,9.749455338000000637e+00
2.151911585000000127e+00,9.749455338000000637e+00
1.960042153999999925e+00,9.694989106999999606e+00
1.862688027999999996e+00,9.694989106999999606e+00
1.639936010000000000e+00,9.694989106999999606e+00
1.696575055999999915e+00,9.749455338000000637e+00
1.519284019000000097e+00,9.694989106999999606e+00
1.456133619999999906e+00,9.694989106999999606e+00
1.395608124000000005e+00,9.694989106999999606e+00
1.303956501999999906e+00,9.694989106999999606e+00
1.197809142999999965e+00,9.694989106999999606e+00
1.128679846000000042e+00,9.749455338000000637e+00
1.036800718999999926e+00,9.749455338000000637e+00
9.769727559999999977e-01,9.749455338000000637e+00
7.257887579999999783e-01,9.858387799999999146e+00
6.839075529999999459e-01,9.858387799999999146e+00
5.919937440000000439e-01,9.749455338000000637e+00
3.872003099999999920e-01,9.803921568999999892e+00
3.556806310000000249e-01,9.803921568999999892e+00
3.351562940000000212e-01,9.803921568999999892e+00
3.026919140000000064e-01,9.749455338000000637e+00
1.996691479999999908e-01,9.749455338000000637e+00
1.003726880000000016e-01,9.803921568999999892e+00
8.836948699999999657e-02,9.803921568999999892e+00
8.048951399999999812e-02,9.803921568999999892e+00
7.584491499999999886e-02,9.803921568999999892e+00
6.849768400000000312e-02,9.803921568999999892e+00
5.929083599999999954e-02,9.803921568999999892e+00
5.264557799999999843e-02,9.803921568999999892e+00
4.714371199999999734e-02,9.803921568999999892e+00
4.046205299999999783e-02,9.803921568999999892e+00
3.654242199999999802e-02,9.803921568999999892e+00
3.136357000000000034e-02,9.749455338000000637e+00
2.980576000000000059e-02,9.749455338000000637e+00
2.761291499999999829e-02,9.749455338000000637e+00
2.451786099999999843e-02,9.803921568999999892e+00
2.252200700000000014e-02,9.803921568999999892e+00
1.966103300000000137e-02,9.803921568999999892e+00
8.268298999999999788e-03,1.062091503000000081e+01
3.389528000000000159e-03,1.176470587999999928e+01
9.796676000000000689e-03,1.181917211000000023e+01
1.999166000000000137e-02,1.160130718999999999e+01
2.349288600000000102e-02,1.127450980000000058e+01
2.557264799999999991e-02,1.176470587999999928e+01
3.030586399999999833e-02,1.176470587999999928e+01
3.976712400000000092e-02,1.181917211000000023e+01
5.087109799999999654e-02,1.171023965000000011e+01
5.491096100000000119e-02,1.171023965000000011e+01
6.028677799999999920e-02,1.171023965000000011e+01
6.964828000000000685e-02,1.171023965000000011e+01
8.539247099999999757e-02,1.160130718999999999e+01
9.375157900000000155e-02,1.165577341999999916e+01
9.783192599999999961e-02,1.078431372999999915e+01
1.996045200000000075e-01,1.165577341999999916e+01
2.136322129999999875e-01,1.171023965000000011e+01
2.686745440000000151e-01,1.176470587999999928e+01
2.900083050000000218e-01,1.181917211000000023e+01
4.038543920000000065e-01,1.181917211000000023e+01
5.917911829999999984e-01,1.176470587999999928e+01
6.608556620000000104e-01,1.176470587999999928e+01
7.073054420000000064e-01,1.176470587999999928e+01
1.348542598999999953e+00,1.171023965000000011e+01
1.383334837000000039e+00,1.171023965000000011e+01
1.531672235999999909e+00,1.187363833999999940e+01
1.639359715000000106e+00,1.176470587999999928e+01
2.728494771999999902e+00,1.181917211000000023e+01
2.970288313999999819e+00,1.181917211000000023e+01
3.125531607000000101e+00,1.181917211000000023e+01
2.044668061999999953e+00,1.078431372999999915e+01
2.423113598000000035e+00,1.078431372999999915e+01
2.637869293000000059e+00,1.072984748999999915e+01
2.799407416999999842e+00,1.072984748999999915e+01
3.099678748000000095e+00,1.072984748999999915e+01
5.072130943000000336e+00,1.078431372999999915e+01
4.502818535000000288e+00,1.187363833999999940e+01
4.819354205999999863e+00,1.181917211000000023e+01
5.336290003000000226e+00,1.181917211000000023e+01
6.884523700999999996e+00,1.171023965000000011e+01
7.062535523000000204e+00,1.138344226999999975e+01
3.431047019999999836e+00,1.263616558000000012e+01
3.151745845999999851e+00,1.263616558000000012e+01
2.944766097000000027e+00,1.263616558000000012e+01
1.197211028999999982e+00,1.263616558000000012e+01
2.232043400000000011e-02,1.274509804000000024e+01
2.622417100000000098e-02,1.361655773000000025e+01
1.948182099999999986e-02,1.372549019999999942e+01
1.616261100000000034e-02,1.361655773000000025e+01
9.710701999999999876e-03,1.372549019999999942e+01
1.674448999999999946e-03,1.448801742999999931e+01
1.837988000000000035e-03,1.574074073999999968e+01
3.274069000000000111e-03,1.584967319999999980e+01
4.260001999999999713e-03,1.574074073999999968e+01
5.734214999999999972e-03,1.574074073999999968e+01
9.383390999999999607e-03,1.563180827999999956e+01
1.220893699999999957e-02,1.557734205000000038e+01
1.548578400000000070e-02,1.552287581999999944e+01
1.671556800000000009e-02,1.552287581999999944e+01
1.773903300000000127e-02,1.557734205000000038e+01
1.914775599999999842e-02,1.557734205000000038e+01
2.014852099999999910e-02,1.557734205000000038e+01
2.249993700000000110e-02,1.557734205000000038e+01
2.387778999999999943e-02,1.557734205000000038e+01
2.853833500000000148e-02,1.563180827999999956e+01
3.054421800000000145e-02,1.563180827999999956e+01
3.081464399999999867e-02,1.372549019999999942e+01
3.187919499999999906e-02,1.372549019999999942e+01
3.354537400000000280e-02,1.372549019999999942e+01
3.500018800000000152e-02,1.372549019999999942e+01
3.842708300000000077e-02,1.367102397000000025e+01
4.592740499999999754e-02,1.372549019999999942e+01
4.364621899999999999e-02,1.372549019999999942e+01
4.915552000000000116e-02,1.372549019999999942e+01
6.026670800000000217e-02,1.367102397000000025e+01
6.341657100000000491e-02,1.367102397000000025e+01
7.709325100000000153e-02,1.367102397000000025e+01
8.682444899999999799e-02,1.367102397000000025e+01
9.613656299999999433e-02,1.372549019999999942e+01
1.158837890000000009e-01,1.361655773000000025e+01
1.373300610000000033e-01,1.372549019999999942e+01
2.405181210000000014e-01,1.367102397000000025e+01
2.012711819999999929e-01,1.269063180999999929e+01
3.435712280000000063e-01,1.377995643000000037e+01
3.935696249999999785e-01,1.372549019999999942e+01
6.068796749999999518e-01,1.350762527000000013e+01
6.776925070000000551e-01,1.361655773000000025e+01
7.963134410000000107e-01,1.377995643000000037e+01
8.968374519999999794e-01,1.372549019999999942e+01
9.930344450000000434e-01,1.372549019999999942e+01
1.071875171999999932e+00,1.383442265999999954e+01
1.207162866000000001e+00,1.388888889000000049e+01
1.314151289000000000e+00,1.383442265999999954e+01
1.611233821999999982e+00,1.367102397000000025e+01
1.845675391999999970e+00,1.372549019999999942e+01
2.061092409000000014e+00,1.367102397000000025e+01
2.774352538000000035e+00,1.367102397000000025e+01
3.430444109000000186e+00,1.367102397000000025e+01
4.241691215000000348e+00,1.367102397000000025e+01
5.380100590999999710e+00,1.367102397000000025e+01
9.030895728999999150e+00,1.367102397000000025e+01
1.568272231000000083e+01,1.367102397000000025e+01
2.968887511000000146e+00,1.459694988999999943e+01
1.695147667000000080e+00,1.470588234999999955e+01
5.033663099999999835e-01,1.476034858000000050e+01
2.998829310000000192e-01,1.465141612000000038e+01
3.619728199999999729e-02,1.568627451000000050e+01
3.808949899999999889e-02,1.563180827999999956e+01
4.042165400000000131e-02,1.568627451000000050e+01
4.513861100000000209e-02,1.574074073999999968e+01
5.170743299999999709e-02,1.568627451000000050e+01
5.973670899999999895e-02,1.568627451000000050e+01
6.285887199999999619e-02,1.568627451000000050e+01
6.614421500000000620e-02,1.568627451000000050e+01
7.772330600000000589e-02,1.574074073999999968e+01
8.606089499999999837e-02,1.568627451000000050e+01
1.002715450000000036e-01,1.574074073999999968e+01
1.100892089999999934e-01,1.568627451000000050e+01
1.847928590000000038e-01,1.568627451000000050e+01
1.977814559999999944e-01,1.568627451000000050e+01
2.227446210000000038e-01,1.574074073999999968e+01
2.825287109999999879e-01,1.568627451000000050e+01
3.049653660000000155e-01,1.568627451000000050e+01
3.376767030000000225e-01,1.568627451000000050e+01
3.803003899999999882e-01,1.568627451000000050e+01
4.035892669999999738e-01,1.568627451000000050e+01
4.702399150000000083e-01,1.563180827999999956e+01
4.906335359999999812e-01,1.563180827999999956e+01
5.964400789999999564e-01,1.568627451000000050e+01
9.843105840000000439e-01,1.568627451000000050e+01
1.089890161000000024e+00,1.568627451000000050e+01
1.206794461999999957e+00,1.568627451000000050e+01
1.556867730000000005e+00,1.579520697000000062e+01
2.462540204000000177e+00,1.574074073999999968e+01
2.680765404999999824e+00,1.574074073999999968e+01
2.968365812000000048e+00,1.563180827999999956e+01
3.097099522999999799e+00,1.563180827999999956e+01
9.870347999999999275e-03,1.770152505000000076e+01
1.980265700000000129e-02,1.753812635999999969e+01
2.249182200000000159e-02,1.770152505000000076e+01
2.576519500000000115e-02,1.759259258999999886e+01
2.976608799999999957e-02,1.759259258999999886e+01
3.527513599999999860e-02,1.764705882000000159e+01
3.939189099999999832e-02,1.764705882000000159e+01
4.361635500000000248e-02,1.775599129000000076e+01
5.039015799999999740e-02,1.764705882000000159e+01
6.782751200000000646e-02,1.770152505000000076e+01
7.836068399999999989e-02,1.764705882000000159e+01
9.688908899999999769e-02,1.781045751999999993e+01
1.468834149999999894e-01,1.770152505000000076e+01
1.572074579999999944e-01,1.770152505000000076e+01
2.486593290000000123e-01,1.764705882000000159e+01
3.127350729999999746e-01,1.753812635999999969e+01
3.933076140000000276e-01,1.764705882000000159e+01
4.000807160000000029e-01,1.710239650999999839e+01
4.621679060000000172e-01,1.759259258999999886e+01
5.074144290000000002e-01,1.759259258999999886e+01
5.430742119999999451e-01,1.764705882000000159e+01
1.089537390999999911e+00,1.759259258999999886e+01
1.313300711999999981e+00,1.764705882000000159e+01
7.637641200000000463e-02,1.868191721000000172e+01
1.927161279999999866e-01,1.846405229000000148e+01
9.951290999999999262e-03,1.960784313999999995e+01
1.547504499999999977e-02,1.960784313999999995e+01
1.699006200000000022e-02,1.960784313999999995e+01
1.929799499999999834e-02,1.955337691000000078e+01
2.118728099999999878e-02,1.955337691000000078e+01
2.710254700000000114e-02,1.960784313999999995e+01
2.900751199999999919e-02,1.960784313999999995e+01
3.379763799999999790e-02,1.960784313999999995e+01
3.838836100000000279e-02,1.960784313999999995e+01
6.896621199999999896e-02,1.966230936999999912e+01
7.900182799999999617e-02,1.966230936999999912e+01
9.604057800000000145e-02,1.960784313999999995e+01
1.197664100000000037e-01,1.955337691000000078e+01
1.383640760000000025e-01,1.955337691000000078e+01
1.480893179999999976e-01,1.955337691000000078e+01
3.999142290000000100e-01,1.955337691000000078e+01
3.999327249999999889e-01,1.928104575000000054e+01
5.860174350000000310e-01,1.949891068000000161e+01
9.427775059999999874e-01,1.955337691000000078e+01
1.089174660999999933e+00,1.955337691000000078e+01
9.750138339999999681e-01,2.156862745000000103e+01
1.334459650000000108e+00,2.352941175999999857e+01
6.822143670000000437e-01,2.445533769000000035e+01
4.982893239999999779e-01,2.445533769000000035e+01
5.759473670000000434e-01,2.156862745000000103e+01
3.864310859999999792e-01,2.151416121999999831e+01
1.975529199999999930e-01,2.249455337999999927e+01
2.187692360000000058e-01,2.178649237000000127e+01
1.959478550000000041e-01,2.053376906000000091e+01
1.348366830000000127e-01,2.162309368000000021e+01
1.167131369999999946e-01,2.162309368000000021e+01
1.072122140000000001e-01,2.162309368000000021e+01
7.964969099999999469e-02,2.156862745000000103e+01
4.003987400000000307e-02,2.156862745000000103e+01
3.465871200000000124e-02,2.145969498999999914e+01
3.025600999999999985e-02,2.145969498999999914e+01
2.030003999999999836e-02,2.145969498999999914e+01
1.896673100000000056e-02,2.151416121999999831e+01
1.698471999999999829e-02,2.145969498999999914e+01
1.600462700000000044e-02,2.145969498999999914e+01
1.482701099999999932e-02,2.151416121999999831e+01
1.003289800000000016e-02,2.151416121999999831e+01
9.694906999999999136e-03,2.331154683999999833e+01
6.899294999999999733e-03,2.652505447000000061e+01
1.726986200000000041e-02,2.342047930000000022e+01
1.928461299999999906e-02,2.363834423000000129e+01
2.973636799999999913e-02,2.347494552999999939e+01
4.002691399999999677e-02,2.347494552999999939e+01
4.357401600000000014e-02,2.347494552999999939e+01
4.865928399999999709e-02,2.347494552999999939e+01
8.667921500000000390e-02,2.352941175999999857e+01
1.270160630000000124e-01,2.347494552999999939e+01
9.927580799999999317e-02,2.450980391999999952e+01
9.353417999999999455e-02,2.532679738999999941e+01
1.018201589999999934e-01,2.549019608000000048e+01
9.593048999999999327e-02,2.636165576999999871e+01
1.259048779999999979e-01,2.521786492000000024e+01
1.430051780000000106e-01,2.527233114999999941e+01
4.989760900000000249e-02,2.549019608000000048e+01
4.069851699999999656e-02,2.549019608000000048e+01
2.897908600000000112e-02,2.538126361999999858e+01
2.404067099999999957e-02,2.554466230999999965e+01
2.323787399999999864e-02,2.554466230999999965e+01
1.994493300000000149e-02,2.538126361999999858e+01
1.711814500000000128e-02,2.538126361999999858e+01
1.654085300000000119e-02,2.739651415999999884e+01
1.800683499999999881e-02,2.734204792999999967e+01
2.097959900000000155e-02,2.755991284999999991e+01
2.753003500000000131e-02,2.745098039000000156e+01
1.324351149999999921e-01,2.745098039000000156e+01
1.556204140000000125e-01,2.745098039000000156e+01
4.976352980000000037e-01,3.218954248000000007e+01
7.478959480000000326e-01,3.316993464000000102e+01
6.047615760000000229e-01,3.409586056999999926e+01
6.984251409999999716e-01,3.616557733999999869e+01
1.366611409000000110e+00,3.333333333000000209e+01
1.956218969999999890e-01,3.033769063000000088e+01
9.428377400000000075e-02,2.832244009000000062e+01
1.226758240000000028e-01,2.821350762999999873e+01
1.290588719999999912e-01,2.952069716999999827e+01
1.568516149999999998e-01,3.104575163000000160e+01
3.431929799999999808e-02,2.941176470999999992e+01
3.232815700000000320e-02,3.137254902000000101e+01
2.205386100000000099e-02,3.349673202999999688e+01
1.709757500000000027e-02,3.246187364000000031e+01
1.754225900000000102e-02,3.126361655999999911e+01
1.862288600000000169e-02,2.924836601000000158e+01
1.063125300000000023e-02,3.039215686000000005e+01
5.571669999999999921e-03,3.507625271999999939e+01
1.723427799999999871e-02,3.556644880000000342e+01
2.095225599999999896e-02,3.523965142000000128e+01
3.699541399999999730e-02,3.725490195999999798e+01
3.698241299999999870e-02,3.932461873999999824e+01
5.418795700000000187e-02,3.976034857999999872e+01
1.704847800000000024e-01,4.025054466000000275e+01
1.086447059999999937e-01,4.346405228999999792e+01
1.796790399999999982e-02,4.008714597000000168e+01
1.906646099999999983e-02,4.063180828000000133e+01
2.057812499999999920e-02,4.133986928000000205e+01
2.258563300000000079e-02,4.319172112999999769e+01
1.810938900000000004e-02,4.389978213999999923e+01
2.021890200000000040e-02,4.504357298000000043e+01
2.126876399999999903e-02,4.694989106999999962e+01
1.278279899999999920e-02,4.509803921999999687e+01
6.932108999999999667e-03,4.858387799999999856e+01
2.090688691251359806e-03,2.000000000000000000e+00
3.528174624925140088e-03,8.000000000000000000e+00
4.744768930207869835e-03,5.000000000000000000e+00
1.020922274468469976e-02,1.100000000000000000e+01
1.000000000000000056e-01,2.300000000000000000e+01
1.850974780690179955e-01,5.000000000000000000e+00
1.897036449899999866e+01,2.000000000000000000e+00
1.215810887765170101e+00,3.000000000000000000e+00
8.884144339336380244e-03,6.500000000000000000e+00
1.001950302047040046e-02,3.500000000000000444e+00
1.570156590599059918e-02,9.500000000000000000e+00
1.866637382080690022e-01,5.000000000000000000e-01
4.065441139504500333e-03,4.000000000000000000e+00
1.154050363097610006e-02,7.000000000000000888e+00
5.093214047349819973e-01,1.000000000000000000e+00
3.870000000000000284e+01,3.000000000000000000e+00
5.293345950442649578e-03,9.500000000000000000e+00
5.984340421314550407e-03,5.500000000000000000e+00
6.076862568083939847e-03,1.150000000000000000e+01
6.913127693169850325e-03,7.500000000000000000e+00
8.978545122475639975e-03,3.500000000000000444e+00
1.054153143286649941e-02,1.350000000000000000e+01
1.301976357470780062e-02,1.500000000000000000e+00
9.545789468330399472e-03,3.000000000000000000e+00
1.906371552228250041e-02,5.000000000000000000e+00
1.693651834337759898e-01,1.000000000000000000e+00
4.379577017421659946e+00,4.000000000000000000e+00
2.530409489975970061e+01,2.000000000000000000e+00
1.216024936505519932e-02,3.000000000000000000e+00
1.321096254501170041e-02,5.000000000000000000e+00
2.041015730349840171e-02,1.000000000000000000e+00
2.757816859258669859e-02,7.000000000000000888e+00
3.394862148562309816e-03,4.000000000000000000e+00
1.440732363101549993e-02,7.000000000000000888e+00
1.498230049581629995e-02,1.300000000000000000e+01
1.531788768699630064e-02,2.000000000000000000e+00
5.753418938757339819e-03,1.100000000000000000e+01
8.036558569987209411e-03,8.000000000000000000e+00
9.924691950450649849e-03,5.000000000000000000e+00
1.163578795867059937e-02,1.400000000000000178e+01
2.459564039887349868e-02,1.700000000000000000e+01
8.701571402141460021e-02,4.000000000000000000e+00
1.238342230399489957e-01,2.000000000000000000e+00
3.501676645714649760e-01,6.000000000000000000e+00
1.770805005536139953e+00,4.000000000000000000e+00
7.391358495846080068e+00,2.000000000000000000e+00
6.076862568083939847e-03,2.000000000000000000e+00
6.633699268775100112e-03,6.000000000000000000e+00
4.184236640459650103e-02,4.000000000000000000e+00
8.884144339336380244e-03,4.000000000000000000e+00
1.096930727994160047e-02,9.000000000000000000e+00
2.055444938269630067e-02,6.000000000000000000e+00
4.284937462382500117e-02,2.000000000000000000e+00
9.120223687408470642e-03,4.000000000000000000e+00
2.493241958554130028e-02,5.500000000000000000e+00
3.012672782609730066e-02,2.000000000000000000e+00
6.535247486653750215e-01,4.000000000000000000e+00
1.305487037627409919e+01,2.000000000000000000e+00
4.428765254584590000e-02,7.000000000000000888e+00
7.551093900279870486e-02,5.000000000000000000e+00
2.115452545706489884e-01,9.000000000000000000e+00
4.065441139504500333e-03,4.000000000000000000e+00
8.036558569987209411e-03,7.000000000000000888e+00
1.235111985588079921e-02,2.000000000000000000e+00
5.305495136278069734e-02,1.000000000000000000e+01
1.190085042381950053e+01,3.500000000000000444e+00
2.166776031679509984e+01,2.000000000000000000e+00
7.627328218412629646e+00,2.000000000000000000e+00
1.001542689296520017e+01,2.000000000000000000e+00
1.000000000000000056e-01,1.300000000000000000e+01
1.000000000000000056e-01,6.000000000000000000e+00
1.000000000000000056e-01,3.500000000000000000e+01
1.000000000000000056e-01,5.500000000000000000e+00
2.000000000000000111e-01,2.500000000000000000e+00
5.000000000000000000e-01,5.000000000000000000e+00
4.065441139504500333e-03,2.500000000000000000e+00
1.346184464224239874e-01,5.500000000000000000e+00
2.339282317704670031e-02,1.900000000000000000e+01
1.306755708096589939e-02,1.100000000000000000e+01
6.066739648825830028e-02,8.500000000000000000e+00
4.400002462893610328e-02,7.000000000000000888e+00
2.036206104109719930e-02,3.000000000000000000e+00
3.512387323711199660e-02,5.500000000000000000e+00
2.725966345790050149e-01,7.500000000000000000e+00
3.779055217693649826e-01,1.500000000000000000e+00
4.479446206833430089e-01,5.000000000000000000e+00
5.626078287598669903e+00,2.000000000000000000e+00
2.866286246826530142e-03,1.150000000000000000e+01
4.835907728825469994e-03,2.050000000000000000e+01
5.201636176358099932e-03,1.750000000000000000e+01
5.247477738257459896e-03,1.449999999999999822e+01
1.230339474901450021e-02,8.500000000000000000e+00
2.950171852638730149e-02,2.350000000000000000e+01
1.162564473209140026e-01,5.500000000000000000e+00
2.001934245586149963e-01,2.500000000000000000e+00
1.000000000000000056e-01,1.200000000000000000e+01
1.000000000000000056e-01,1.000000000000000000e+01
1.000000000000000056e-01,1.800000000000000000e+01
1.070000000000000062e+00,3.000000000000000000e+00
1.199999999999999956e-01,6.000000000000000000e+00
2.000000000000000111e-01,1.300000000000000000e+01
1.530000000000000027e+00,3.000000000000000000e+00
1.800000000000000044e+00,1.000000000000000000e+00
1.860000000000000098e+00,1.300000000000000000e+01
2.299999999999999822e+00,3.000000000000000000e+00
2.500000000000000000e+00,4.000000000000000000e+00
2.700000000000000178e+00,4.000000000000000000e+00
2.859999999999999876e+00,1.000000000000000000e+00
3.310000000000000053e+00,2.000000000000000000e+00
1.499999999999999944e-01,5.000000000000000000e+00
1.600000000000000033e-01,1.500000000000000000e+00
2.000000000000000111e-01,3.000000000000000000e+00
2.800000000000000266e-01,1.000000000000000000e+00
1.070000000000000062e+00,9.000000000000000000e+00
1.000000000000000056e-01,7.000000000000000888e+00
4.799999999999999822e+00,4.000000000000000000e+00
3.799999999999999822e+00,4.500000000000000000e+00
1.000000000000000056e-01,1.650000000000000000e+01
1.000000000000000056e-01,2.300000000000000000e+01
8.000000000000000444e-01,5.000000000000000000e+00
6.999999999999999556e-01,3.000000000000000000e+00
1.000000000000000056e-01,1.700000000000000000e+01
1.000000000000000056e-01,2.000000000000000000e+00
3.899999999999999911e+00,9.000000000000000000e+00
9.900000000000000355e+00,6.000000000000000000e+00
1.400000000000000000e+01,3.000000000000000000e+00
9.000000000000000222e-01,5.000000000000000000e+00
2.000000000000000111e-01,6.500000000000000000e+00
1.000000000000000056e-01,8.000000000000000000e+00
2.000000000000000111e-01,7.500000000000000000e+00
1.390000000000000036e+01,3.000000000000000000e+00
1.000000000000000056e-01,2.300000000000000000e+01
1.699999999999999956e+00,3.000000000000000000e+00
1.399999999999999911e+00,5.500000000000000000e+00
5.700000000000000178e+00,2.500000000000000000e+00
1.000000000000000056e-01,1.200000000000000000e+01
1.000000000000000056e-01,4.300000000000000000e+01
1.399999999999999911e+00,4.000000000000000000e+00
2.399999999999999911e+00,1.000000000000000000e+00
9.000000000000000222e-01,6.000000000000000000e+00
8.000000000000000000e+00,3.000000000000000000e+00
1.000000000000000056e-01,1.200000000000000000e+01
1.000000000000000056e-01,2.300000000000000000e+01
1.500000000000000000e+00,2.000000000000000000e+00
1.000000000000000056e-01,8.000000000000000000e+00
1.000000000000000056e-01,5.000000000000000000e+00
2.399999999999999911e+00,2.000000000000000000e+00
9.000000000000000000e+00,4.000000000000000000e+00
1.219999999999999929e+01,1.000000000000000000e+00
1.000000000000000056e-01,9.000000000000000000e+00
1.000000000000000056e-01,1.800000000000000000e+01
2.000000000000000111e-01,6.000000000000000000e+00
1.600000000000000089e+00,3.000000000000000000e+00
1.000000000000000056e-01,5.000000000000000000e+00
1.100000000000000089e+00,2.000000000000000000e+00
1.000000000000000056e-01,7.700000000000000000e+01
1.000000000000000056e-01,5.699999999999999289e+01
1.000000000000000056e-01,8.400000000000000000e+01
1.000000000000000056e-01,6.700000000000000000e+01
1.000000000000000056e-01,1.600000000000000000e+01
1.100000000000000089e+00,1.000000000000000000e+00
1.000000000000000056e-01,2.200000000000000000e+01
1.000000000000000056e-01,1.700000000000000000e+01
2.000000000000000111e-01,1.400000000000000178e+01
1.000000000000000056e-01,1.100000000000000000e+01
1.000000000000000056e-01,8.000000000000000000e+00
1.800000000000000044e+00,5.000000000000000000e+00
1.200000000000000000e+01,1.000000000000000000e+00
1.000000000000000056e-01,7.000000000000000888e+00
1.000000000000000000e+00,5.000000000000000000e+00
5.999999999999999778e-01,1.000000000000000000e+00
1.000000000000000056e-01,2.400000000000000000e+01
1.000000000000000056e-01,2.100000000000000000e+01
1.000000000000000056e-01,1.800000000000000000e+01
1.000000000000000056e-01,1.500000000000000000e+01
1.000000000000000056e-01,1.200000000000000000e+01
1.000000000000000056e-01,9.000000000000000000e+00
1.000000000000000056e-01,6.000000000000000000e+00
4.900000000000000355e+00,3.000000000000000000e+00
1.000000000000000056e-01,1.300000000000000000e+01
1.000000000000000056e-01,1.900000000000000000e+01
1.000000000000000056e-01,2.200000000000000000e+01
1.000000000000000056e-01,1.100000000000000000e+01
5.000000000000000000e-01,2.000000000000000000e+00
1.000000000000000056e-01,1.000000000000000000e+01
1.000000000000000056e-01,7.000000000000000888e+00
4.500000000000000000e+00,1.000000000000000000e+00
1.000000000000000056e-01,1.300000000000000000e+01
1.000000000000000056e-01,1.000000000000000000e+01
1.000000000000000056e-01,7.000000000000000888e+00
1.000000000000000000e+00,4.000000000000000000e+00
1.119999999999999929e+01,1.000000000000000000e+00
1.000000000000000056e-01,2.700000000000000000e+01
1.000000000000000056e-01,2.400000000000000000e+01
1.000000000000000056e-01,1.800000000000000000e+01
1.000000000000000056e-01,1.500000000000000000e+01
4.799999999999999822e+00,6.000000000000000000e+00
1.190000000000000036e+01,3.000000000000000000e+00
1.000000000000000056e-01,6.000000000000000000e+00
1.000000000000000056e-01,3.000000000000000000e+00
4.000000000000000222e-01,1.100000000000000000e+01
2.000000000000000111e-01,8.000000000000000000e+00
2.000000000000000111e-01,2.000000000000000000e+00
8.000000000000000444e-01,4.000000000000000000e+00
1.000000000000000056e-01,1.200000000000000000e+01
2.200000000000000178e+00,3.000000000000000000e+00
1.000000000000000056e-01,2.400000000000000000e+01
1.000000000000000056e-01,1.800000000000000000e+01
1.000000000000000056e-01,1.200000000000000000e+01
1.000000000000000056e-01,9.000000000000000000e+00
1.100000000000000089e+00,6.000000000000000000e+00
9.000000000000000000e+00,3.000000000000000000e+00
1.000000000000000056e-01,1.400000000000000178e+01
1.000000000000000056e-01,1.100000000000000000e+01
1.000000000000000056e-01,8.000000000000000000e+00
1.000000000000000056e-01,5.000000000000000000e+00
1.800000000000000044e+00,3.000000000000000000e+00
2.100000000000000089e+00,4.000000000000000000e+00
1.000000000000000056e-01,1.000000000000000000e+01
1.000000000000000056e-01,1.600000000000000000e+01
1.000000000000000056e-01,1.300000000000000000e+01
7.599999999999999645e+00,1.000000000000000000e+00
1.000000000000000056e-01,1.200000000000000000e+01
1.399999999999999911e+00,3.000000000000000000e+00
1.000000000000000000e+00,5.000000000000000000e-01
1.000000000000000056e-01,7.600000000000000000e+01
1.000000000000000056e-01,7.000000000000000000e+01
1.000000000000000056e-01,6.400000000000000000e+01
1.000000000000000056e-01,5.799999999999999289e+01
2.000000000000000111e-01,2.800000000000000355e+01
5.400000000000000000e+01,2.000000000000000000e+00
2.999999999999999889e-01,3.100000000000000000e+01
1.000000000000000056e-01,1.900000000000000000e+01
1.000000000000000056e-01,1.600000000000000000e+01
2.200000000000000178e+00,4.000000000000000000e+00
8.699999999999999289e+00,1.000000000000000000e+00
8.000000000000000444e-01,5.000000000000000000e+00
5.500000000000000000e+00,2.000000000000000000e+00
1.199999999999999956e+00,3.000000000000000000e+00
1.000000000000000056e-01,4.600000000000000000e+01
1.000000000000000056e-01,4.000000000000000000e+01
1.000000000000000056e-01,3.100000000000000000e+01
1.000000000000000056e-01,2.400000000000000000e+01
1.000000000000000056e-01,9.000000000000000000e+00
1.000000000000000056e-01,6.000000000000000000e+00
2.100000000000000089e+00,3.000000000000000000e+00
1.000000000000000056e-01,1.500000000000000000e+01
1.000000000000000056e-01,1.200000000000000000e+01
1.000000000000000056e-01,9.000000000000000000e+00
1.000000000000000056e-01,6.000000000000000000e+00
6.999999999999999556e-01,3.000000000000000000e+00
1.000000000000000056e-01,4.500000000000000000e+00
1.000000000000000056e-01,6.500000000000000000e+00
6.999999999999999556e-01,3.000000000000000000e+00
1.000000000000000056e-01,1.300000000000000000e+01
4.000000000000000222e-01,1.000000000000000000e+00
1.000000000000000056e-01,3.300000000000000000e+01
1.000000000000000056e-01,4.000000000000000000e+00
1.000000000000000056e-01,2.000000000000000000e+00
1.000000000000000056e-01,2.000000000000000000e+00
2.000000000000000111e-01,4.000000000000000000e+00
1.000000000000000056e-01,2.000000000000000000e+00
4.599999999999999645e+00,1.500000000000000000e+00
8.000000000000000444e-01,4.500000000000000000e+00
5.000000000000000000e-01,5.000000000000000000e+00
1.199999999999999956e+00,2.500000000000000000e+00
1.000000000000000056e-01,6.000000000000000000e+00
1.000000000000000056e-01,9.000000000000000000e+00
1.000000000000000056e-01,6.000000000000000000e+00
1.000000000000000056e-01,3.000000000000000000e+00
1.000000000000000000e+01,1.000000000000000000e+00
2.600000000000000089e+00,4.000000000000000000e+00
