Event,Date,Location,Latitude,Longitude,sample_top,sample_bottom,Comment,absolute_salinity(g/kg),Salinity (psu),Cond(microS/cm),Temperature,sample_id,
PS122/1_10-5,02/12/2019,snow1-A5,85.924427,113.896223,0.075,0.04,,0.7,,1312,,,
PS122/1_10-5,02/12/2019,snow1-A5,85.924427,113.896223,0.04,0.02,,13.1,,21750,,,
PS122/1_10-5,02/12/2019,snow1-A5,85.924427,113.896223,0.02,0,,16.5,,26930,,,
PS122/1_10-50,05/12/2019,RS-transect-north,86.142113,120.967131,0.09,0.07,,0,,96,,,
PS122/1_10-50,05/12/2019,RS-transect-north,86.142113,120.967131,0.07,0.05,,0.1,,161.2,,,
PS122/1_10-50,05/12/2019,RS-transect-north,86.142113,120.967131,0.11,0.09,,0.2,,441.6,,,
PS122/1_10-70,06/12/2019,snow2-A2,86.140307,122.221844,0.07,0.04,,0,,11.8,,,
PS122/1_10-70,06/12/2019,snow2-A2,86.140307,122.221844,0.1,0.07,,0,,20.4,,,
PS122/1_10-70,06/12/2019,snow2-A2,86.140307,122.221844,0.02,0,,0,,20.8,,,
PS122/1_10-70,06/12/2019,snow2-A2,86.140307,122.221844,0.04,0.02,,0,,29.5,,,
PS122/1_10-70,06/12/2019,snow2-A2,86.140307,122.221844,0.13,0.1,,0.1,,114.3,,,
PS122/1_10-71,06/12/2019,snow1-A3,86.138813,122.290837,0.065,0.035,,12,,19980,,,
PS122/1_10-71,06/12/2019,snow1-A3,86.138813,122.290837,0.04,0.02,,21.9,,34510,,,
PS122/1_10-71,06/12/2019,snow1-A3,86.138813,122.290837,0.02,0,,30.1,,,,,
PS122/1_10-72,06/12/2019,snow3-A6,86.138861,122.294345,0.05,0.02,,7.6,,13260,,,
PS122/1_10-72,06/12/2019,snow3-A6,86.138861,122.294345,0.04,0.02,,10,,17050,,,
PS122/1_10-72,06/12/2019,snow3-A6,86.138861,122.294345,0.02,0,,20.6,,32960,,,
PS122/1_5-5,28/10/2019,snow1-A1,85.541079,126.483514,0.05,0.02,,0,,7.3,,dO18_0085,
PS122/1_5-5,28/10/2019,snow1-A1,85.541079,126.483514,0.11,0.08,,0,,10.6,,dO18_0086,
PS122/1_5-5,28/10/2019,snow1-A1,85.541079,126.483514,0.08,0.05,,0,,13.3,,dO18_0087,
PS122/1_5-5,28/10/2019,snow1-A1,85.541079,126.483514,0.14,0.11,,0,,25,,dO18_0088,
PS122/1_5-5,28/10/2019,snow1-A1,85.541079,126.483514,0.23,0.2,,0,,,,dO18_0089,
PS122/1_5-5,28/10/2019,snow1-A1,85.541079,126.483514,0.2,0.17,,0,,,,dO18_0090,
PS122/1_5-5,28/10/2019,snow1-A1,85.541079,126.483514,0.17,0.14,,0,,,,dO18_0091,
PS122/1_5-5,28/10/2019,snow1-A1,85.541079,126.483514,0.26,0.23,,0.1,,,,dO18_0092,
PS122/1_6-30,06/11/2019,snow3-A6,85.918749,117.688175,0.06,0.03,,1.2,,2371,,,
PS122/1_6-30,06/11/2019,snow3-A6,85.918749,117.688175,0.03,0,,15,,,,,
PS122/1_6-41,07/11/2019,RS-transect-north,85.920542,116.827728,0.095,0.065,,0,,22.2,,,
PS122/1_6-41,07/11/2019,RS-transect-north,85.920542,116.827728,0.065,0.035,,0,,24.6,,,
PS122/1_6-41,07/11/2019,RS-transect-north,85.920542,116.827728,0.125,0.095,,0,,36.5,,,
PS122/1_6-41,07/11/2019,RS-transect-north,85.920542,116.827728,0.035,0.005,,0.2,,390.9,,,
PS122/1_6-47,07/11/2019,RS-transect-north,85.920176,116.805311,0.07,0.04,,0,,11.8,,,
PS122/1_6-47,07/11/2019,RS-transect-north,85.920176,116.805311,0.1,0.07,,0,,27.8,,,
PS122/1_6-47,07/11/2019,RS-transect-north,85.920176,116.805311,0.04,0.01,,0.5,,1033,,,
PS122/1_6-47,07/11/2019,RS-transect-north,85.920176,116.805311,0.03,0,,0.7,,1485,,,
PS122/1_6-6,04/11/2019,snow1-A5,85.941256,120.121719,0.08,0.05,,0.2,,387.7,,,
PS122/1_6-6,04/11/2019,snow1-A5,85.941256,120.121719,0.05,0.02,,19,,30590,,,
PS122/1_6-6,04/11/2019,snow1-A5,85.941256,120.121719,0.02,0,,22.9,,36220,,,
PS122/1_7-12,11/11/2019,snow1-A3,85.878379,116.469979,0.06,0.03,,38.7,,,,,
PS122/1_7-12,11/11/2019,snow1-A3,85.878379,116.469979,0.03,0,,77.2,,,,,
PS122/1_7-68,14/11/2019,RS-transect-north,86.163946,118.214807,0.115,0.095,,0,,14.5,,,
PS122/1_7-68,14/11/2019,RS-transect-north,86.163946,118.214807,0.075,0.055,,0,,16,,,
PS122/1_7-68,14/11/2019,RS-transect-north,86.163946,118.214807,0.135,0.115,,0,,16.2,,,
PS122/1_7-68,14/11/2019,RS-transect-north,86.163946,118.214807,0.095,0.075,,0,,18,,,
PS122/1_7-68,14/11/2019,RS-transect-north,86.163946,118.214807,0.055,0.035,,0,,22.4,,,
PS122/1_7-68,14/11/2019,RS-transect-north,86.163946,118.214807,0.155,0.135,,0,,25.7,,,
PS122/1_7-68,14/11/2019,RS-transect-north,86.163946,118.214807,0.035,0.015,,0,,30.9,,,
PS122/1_7-68,14/11/2019,RS-transect-north,86.163946,118.214807,0.015,0,,0.1,,204,,,
PS122/1_7-70,14/11/2019,RS-transect-north,86.166028,118.227021,0.05,0.03,,0,,23.6,,,
PS122/1_7-70,14/11/2019,RS-transect-north,86.166028,118.227021,0.07,0.05,,0,,43.5,,,
PS122/1_7-70,14/11/2019,RS-transect-north,86.166028,118.227021,0.03,0.01,,0.2,,355.5,,,
PS122/1_7-70,14/11/2019,RS-transect-north,86.166028,118.227021,0.02,0,,0.8,,1654,,,
PS122/1_7-73,14/11/2019,RS-transect-north,86.16678,118.23056,0.06,0.04,,4.4,,7920,,,
PS122/1_7-73,14/11/2019,RS-transect-north,86.16678,118.23056,0.04,0.02,,25.3,,39700,,,
PS122/1_7-73,14/11/2019,RS-transect-north,86.16678,118.23056,0.02,0,,26,,40740,,,
PS122/1_7-88,15/11/2019,snow2-A2,86.189183,118.388435,0.02,0,,0,,16.1,,,
PS122/1_7-88,15/11/2019,snow2-A2,86.189183,118.388435,0.05,0.03,,0,,29.1,,,
PS122/1_7-88,15/11/2019,snow2-A2,86.189183,118.388435,0.07,0.05,,0,,31.3,,,
PS122/1_7-88,15/11/2019,snow2-A2,86.189183,118.388435,0.03,0.01,,0,,46.3,,,
PS122/1_7-88,15/11/2019,snow2-A2,86.189183,118.388435,0.1,0.07,,0.1,,61.2,,,
PS122/1_8-68,21/11/2019,RS-transect-north,85.741983,120.939863,0.07,0.04,,0,,10.3,,,
PS122/1_8-68,21/11/2019,RS-transect-north,85.741983,120.939863,0.1,0.07,,0,,33.8,,,
PS122/1_8-68,21/11/2019,RS-transect-north,85.741983,120.939863,0.16,0.13,,0,,35,,,
PS122/1_8-68,21/11/2019,RS-transect-north,85.741983,120.939863,0.04,0.02,,0,,35.7,,,
PS122/1_8-68,21/11/2019,RS-transect-north,85.741983,120.939863,0.02,0,,0.1,,196.6,,,
PS122/1_8-78,22/11/2019,snow2-A8,85.735793,120.811513,0.14,0.11,,0,,15.5,,,
PS122/1_8-78,22/11/2019,snow2-A8,85.735793,120.811513,0.11,0.08,,0,,20.4,,,
PS122/1_8-78,22/11/2019,snow2-A8,85.735793,120.811513,0.08,0.05,,0,,24.4,,,
PS122/1_8-78,22/11/2019,snow2-A8,85.735793,120.811513,0.17,0.14,,0,,28,,,
PS122/1_8-78,22/11/2019,snow2-A8,85.735793,120.811513,0.2,0.17,,0,,55,,,
PS122/1_8-78,22/11/2019,snow2-A8,85.735793,120.811513,0.06,0.04,,0.1,,185.2,,,
PS122/1_8-78,22/11/2019,snow2-A8,85.735793,120.811513,0.04,0.02,,0.1,,261.7,,,
PS122/1_8-78,22/11/2019,snow2-A8,85.735793,120.811513,0.02,0,,1.1,,2141,,,
PS122/1_8-79,22/11/2019,ds-coring-A7,85.73138,120.78237,0.09,0.06,,0.4,,720,,,
PS122/1_8-79,22/11/2019,ds-coring-A7,85.73138,120.78237,0.06,0.04,,1.8,,3385,,,
PS122/1_8-79,22/11/2019,ds-coring-A7,85.73138,120.78237,0.04,0.02,,7.4,,12880,,,
PS122/1_8-79,22/11/2019,ds-coring-A7,85.73138,120.78237,0.02,0,,13.6,,22400,,,
PS122/1_9-71,28/11/2019,RS-transect-north,86.161671,116.822791,0.04,0.02,,0,,16.2,,,
PS122/1_9-71,28/11/2019,RS-transect-north,86.161671,116.822791,0.09,0.06,,0,,17.4,,,
PS122/1_9-71,28/11/2019,RS-transect-north,86.161671,116.822791,0.06,0.04,,0,,90.9,,,
PS122/1_9-71,28/11/2019,RS-transect-north,86.161671,116.822791,0.02,0,,0.1,,275.4,,,
PS122/1_9-72,28/11/2019,RS-transect-north,86.160829,116.778574,0.06,0.04,,0,,22.2,,,
PS122/1_9-72,28/11/2019,RS-transect-north,86.160829,116.778574,0.12,0.09,,0,,26.6,,,
PS122/1_9-72,28/11/2019,RS-transect-north,86.160829,116.778574,0.09,0.06,,0,,46.6,,,
PS122/1_9-72,28/11/2019,RS-transect-north,86.160829,116.778574,0.04,0.02,,0,,93,,,
PS122/1_9-73,28/11/2019,RS-transect-north,86.160419,116.755731,0.06,0.04,,0,,22.7,,,
PS122/1_9-73,28/11/2019,RS-transect-north,86.160419,116.755731,0.075,0.055,,0,,55.7,,,
PS122/1_9-73,28/11/2019,RS-transect-north,86.160419,116.755731,0.04,0.02,,0,,66.5,,,
PS122/1_9-73,28/11/2019,RS-transect-north,86.160419,116.755731,0.02,0,,0.4,,817,,,
PS122/2_16-24,19/12/2019,RS-transect-north,86.678375,112.959685,0.13,0.1,S4,0,,,19,,
PS122/2_16-24,19/12/2019,RS-transect-north,86.678375,112.959685,0,-0.03,S12,0,,,19,,
PS122/2_16-44,19/12/2019,RS-transect-north,86.678565,112.971396,0,-0.03,S2,0,,,19,,
PS122/2_16-44,19/12/2019,RS-transect-north,86.678565,112.971396,0.16,0.13,S3,0.1,,,19,,
PS122/2_16-45,19/12/2019,RS-transect-north,86.678349,112.958525,0.09,0.06,S1,0.1,,,19,,
PS122/2_16-46,19/12/2019,RS-transect-north,86.678172,112.946898,0.38,0.35,S13,0.1,,,19,,
PS122/2_16-46,19/12/2019,RS-transect-north,86.678172,112.946898,0,-0.03,S10,0.1,,,19,,
PS122/2_16-62,21/12/2019,RS3,86.687716,112.404836,0.1,0.07,S8,0,,,19,dO18_0098,RS3
PS122/2_16-62,21/12/2019,RS3,86.687716,112.404836,0.07,0.04,S16,0,,,19,dO18_0099,RS3
PS122/2_16-62,21/12/2019,RS3,86.687716,112.404836,0.03,0,S14,1.4,,,19,dO18_0105,RS3
PS122/2_17-109,27/12/2019,snow2-A8,86.678533,115.95761,0.23,0.2,S19,0,,,18.5,dO18_0113,Snow2 A8
PS122/2_17-109,27/12/2019,snow2-A8,86.678533,115.95761,0.2,0.17,S11,0,,,18.5,dO18_0114,Snow2 A8
PS122/2_17-109,27/12/2019,snow2-A8,86.678533,115.95761,0.17,0.14,S13,0,,,18.5,dO18_0115,Snow2 A8
PS122/2_17-109,27/12/2019,snow2-A8,86.678533,115.95761,0.14,0.11,S12,0,,,18.5,dO18_0116,Snow2 A8
PS122/2_17-109,27/12/2019,snow2-A8,86.678533,115.95761,0.11,0.08,S15,0,,,18.5,dO18_0117,Snow2 A8
PS122/2_17-109,27/12/2019,snow2-A8,86.678533,115.95761,0.08,0,S20,0.1,,,18.5,dO18_0118,Snow2 A8
PS122/2_17-16,23/12/2019,snow1-A9,86.641399,113.147028,0.085,0.055,S11,0,,,19,,
PS122/2_17-16,23/12/2019,snow1-A9,86.641399,113.147028,0.085,0.055,S18,0,,,19,,
PS122/2_17-16,23/12/2019,snow1-A9,86.641399,113.147028,0.085,0.055,S20,0,,,19,,
PS122/2_17-16,23/12/2019,snow1-A9,86.641399,113.147028,0.035,0,S7,0.1,,,19,,
PS122/2_17-16,23/12/2019,snow1-A9,86.641399,113.147028,0.085,0.055,S15,0.1,,,19,,
PS122/2_17-16,23/12/2019,snow1-A9,86.641399,113.147028,0.05,0.025,S9,0.2,,,19,,
PS122/2_17-16,23/12/2019,snow1-A9,86.641399,113.147028,0.085,0.05,S19,0.5,,,19,,
PS122/2_17-43,26/12/2019,RS-transect-north,86.653117,115.872631,0.28,0.25,S2,0,,,18.4,dO18_0151,Transect North RS
PS122/2_17-43,26/12/2019,RS-transect-north,86.653117,115.872631,0,-0.03,S6,0,,,18.4,dO18_0152,Transect North RS
PS122/2_17-44,26/12/2019,RS-transect-north,86.653808,115.88824,0.13,0.1,S9,0,,,18.4,dO18_0153,Transect North RS
PS122/2_17-44,26/12/2019,RS-transect-north,86.653808,115.88824,0,-0.03,S4,0.2,,,18.4,dO18_0156,Transect North RS
PS122/2_17-45,26/12/2019,RS-transect-north,86.653879,115.889844,0.095,0.065,S1,0,,,18.4,dO18_0154,Transect North RS
PS122/2_17-45,26/12/2019,RS-transect-north,86.653879,115.889844,0,-0.03,S7,0.3,,,18.4,dO18_0157,Transect North RS
PS122/2_17-46,26/12/2019,RS-transect-north,86.654084,115.894205,0,-0.03,S8,0,,,18.4,dO18_0155,Transect North RS
PS122/2_17-47,26/12/2019,RS-transect-north,86.654353,115.899551,0,-0.03,S3,0.3,,,18.4,dO18_0158,Transect North RS
PS122/2_17-49,26/12/2019,RS3,86.646972,115.691912,0.105,0.075,T,0,,,18.4,dO18_0100,RS3
PS122/2_17-49,26/12/2019,RS3,86.646972,115.691912,0,-0.03,B,0.9,,,18.4,dO18_0104,RS3
PS122/2_17-49,26/12/2019,RS3,86.646972,115.691912,0.05,0.02,M,0,,,18.4,dO18_0107,"RS3, snow depth middle not known"
PS122/2_18-17,30/12/2019,snow1-A5,86.608526,116.557529,0.055,0.025,S12,,,11.8,17.8,,
PS122/2_18-17,30/12/2019,snow1-A5,86.608526,116.557529,0.03,0,S13,,,21.7,17.8,,
PS122/2_18-17,30/12/2019,snow1-A5,86.608526,116.557529,0.085,0.055,S7,,,284,17.8,,
PS122/2_18-52,02/01/2020,RS-transect-north,86.821327,116.64326,0.02,0,S14,0,,14.4,19.8,dO18_0021,Bottom
PS122/2_18-52,02/01/2020,RS-transect-north,86.821327,116.64326,0.2,0.19,S11,0,,52.5,19.4,dO18_0125,Surface
PS122/2_18-53,02/01/2020,RS-transect-north,86.823046,116.621157,0.12,0.11,S19,0,,31,19.9,dO18_0124,Surface
PS122/2_18-53,02/01/2020,RS-transect-north,86.823046,116.621157,0.02,0,S4,0.1,,211.8,19.8,dO18_0022,Bottom
PS122/2_18-54,02/01/2020,RS-transect-north,86.824425,116.603469,0.095,0.085,ohne Nr,0.1,,130.2,19.4,dO18_0127,Surface
PS122/2_18-54,02/01/2020,RS-transect-north,86.824425,116.603469,0.02,0,S12,0.4,,900,19.9,dO18_0023,Bottom
PS122/2_18-55,02/01/2020,RS-transect-north,86.826359,116.578845,0.08,0.07,S3,0,,95.4,19.9,dO18_0126,Surface
PS122/2_18-55,02/01/2020,RS-transect-north,86.826359,116.578845,0.02,0,S1,0.5,,962,18.6,dO18_0024,Bottom
PS122/2_18-56,02/01/2020,RS3,86.829262,116.541992,0.055,0.03,S10,0,,46.2,19.1,,
PS122/2_18-56,02/01/2020,RS3,86.829262,116.541992,0.075,0.055,B,0,,76.9,19,,
PS122/2_18-56,02/01/2020,RS3,86.829262,116.541992,0.08,0.075,S7,0.3,,565,19.1,,
PS122/2_18-56,02/01/2020,RS3,86.829262,116.541992,0.03,0.015,S6,0.4,,775,19.3,,
PS122/2_18-56,02/01/2020,RS3,86.829262,116.541992,0.015,0,C20,4.4,,7050,19,,
PS122/2_18-66,03/01/2020,snow1-A5,86.89846,115.741537,0.08,0.05,S20,,,913,18.4,dO18_0065,maybe microSiemens
PS122/2_18-66,03/01/2020,snow1-A5,86.89846,115.741537,0.05,0.02,S9,,,10000,18.4,dO18_0066,maybe microSiemens
PS122/2_18-66,03/01/2020,snow1-A5,86.89846,115.741537,0.03,0,S13,,,23130,18.4,dO18_0067,maybe microSiemens
PS122/2_19-129,09/01/2020,RS-transect-north,87.143452,114.284656,0.03,0,S6,0,,,18.5,dO18_0025,bottom
PS122/2_19-129,09/01/2020,RS-transect-north,87.143452,114.284656,0.32,0.29,S7,0,,,18.5,dO18_0128,surface
PS122/2_19-132,09/01/2020,RS-transect-north,87.144098,114.258919,0.03,0,S13,0,,,18.5,dO18_0026,bottom
PS122/2_19-132,09/01/2020,RS-transect-north,87.144098,114.258919,0.13,0.1,S8,0,,,18.5,dO18_0129,surface
PS122/2_19-134,09/01/2020,RS-transect-north,87.144509,114.242369,0.03,0,S1,0,,,18.5,dO18_0027,bottom
PS122/2_19-134,09/01/2020,RS-transect-north,87.144509,114.242369,0.13,0.1,M,0.1,,,18.5,dO18_0130,surface
PS122/2_19-137,09/01/2020,RS-transect-north,87.144801,114.23074,0.03,0,S19,0.1,,,18.5,dO18_0028,bottom
PS122/2_19-137,09/01/2020,RS-transect-north,87.144801,114.23074,0.21,0.18,S18,0.1,,,18.5,dO18_0131,surface
PS122/2_19-141,12/01/2020,runway1,87.275073,109.415432,0.03,0,,,4.05,,,dO18_0031,"bottom, RS salinity instrument (psu)"
PS122/2_19-141,12/01/2020,runway1,87.275073,109.415432,0.03,0,,,6.1,,,dO18_0033,"bottom, RS salinity instrument (psu)"
PS122/2_19-141,12/01/2020,runway1,87.275073,109.415432,0.03,0,,,7.7,,,dO18_0037,"bottom, RS salinity instrument (psu)"
PS122/2_19-141,12/01/2020,runway1,87.275073,109.415432,0.03,0,,,10.8,,,dO18_0038,"bottom, RS salinity instrument (psu)"
PS122/2_19-141,12/01/2020,runway1,87.275073,109.415432,0.03,0,,,11.76,,,dO18_0039,"bottom, RS salinity instrument (psu)"
PS122/2_19-141,12/01/2020,runway1,87.275073,109.415432,0.03,0,,,12.43,,,dO18_0040,"bottom, RS salinity instrument (psu)"
PS122/2_19-141,12/01/2020,runway1,87.275073,109.415432,0.03,0,,,14.83,,,dO18_0042,"bottom, RS salinity instrument (psu)"
PS122/2_19-141,12/01/2020,runway1,87.275073,109.415432,0.03,0,,,15.52,,,dO18_0043,"bottom, RS salinity instrument (psu)"
PS122/2_19-141,12/01/2020,runway1,87.275073,109.415432,0.03,0,,,15.58,,,dO18_0044,"bottom, RS salinity instrument (psu)"
PS122/2_19-141,12/01/2020,runway1,87.275073,109.415432,0.03,0,,,23.24,,,dO18_0045,"bottom, RS salinity instrument (psu)"
PS122/2_19-141,12/01/2020,runway1,87.275073,109.415432,0.06,0.03,,,1.07,,,dO18_0068,"middle, RS salinity instrument, (psu)"
PS122/2_19-141,12/01/2020,runway1,87.275073,109.415432,0.09,0.06,,,0.12,,,dO18_0134,"surface, RS salinity instrument, (psu)"
PS122/2_19-141,12/01/2020,runway1,87.275073,109.415432,0.16,0.13,,,0.2,,,dO18_0137,"surface, RS salinity instrument, (psu)"
PS122/2_19-141,12/01/2020,runway1,87.275073,109.415432,0.06,0.03,,,1.53,,,dO18_0141,"surface, RS salinity instrument, (psu)"
PS122/2_19-141,12/01/2020,runway1,87.275073,109.415432,0.04,0.01,,,1.8,,,dO18_0142,"surface, RS salinity instrument, (psu)"
PS122/2_19-141,12/01/2020,runway1,87.275073,109.415432,0.16,0.13,,,1.86,,,dO18_0143,"surface, RS salinity instrument, (psu)"
PS122/2_19-141,12/01/2020,runway1,87.275073,109.415432,0.06,0.03,,,2.3,,,dO18_0144,"surface, RS salinity instrument, (psu)"
PS122/2_19-141,12/01/2020,runway1,87.275073,109.415432,0.07,0.04,,,2.5,,,dO18_0145,"surface, RS salinity instrument, (psu)"
PS122/2_19-141,12/01/2020,runway1,87.275073,109.415432,0.07,0.04,,,2.7,,,dO18_0146,"surface, RS salinity instrument, (psu)"
PS122/2_19-141,12/01/2020,runway1,87.275073,109.415432,0.04,0.01,,,2.86,,,dO18_0147,"surface, RS salinity instrument, (psu)"
PS122/2_19-141,12/01/2020,runway1,87.275073,109.415432,0.05,0.02,,,3.31,,,dO18_0148,"surface, RS salinity instrument, (psu)"
PS122/2_19-142,09/01/2020,RS3,87.145714,114.194168,0.03,0,S11,,3.3,,,dO18_0030,"bottom, RS salinity instrument (psu)"
PS122/2_19-142,09/01/2020,RS3,87.145714,114.194168,0.105,0.075,S4,,0,,,dO18_0133,"surface, RS salinity instrument, (psu)"
PS122/2_19-144,10/01/2020,FR,87.175694,112.794265,0.37,0.34,AB,0,,,,dO18_0192,
PS122/2_19-144,10/01/2020,FR,87.175694,112.794265,0.31,0.28,S9,0,,,,dO18_0193,
PS122/2_19-144,10/01/2020,FR,87.175694,112.794265,0.25,0.22,AA,0,,,,dO18_0194,
PS122/2_19-144,10/01/2020,FR,87.175694,112.794265,0.19,0.16,S2,0,,,,dO18_0195,
PS122/2_19-144,10/01/2020,FR,87.175694,112.794265,0.13,0.1,S12,0,,,,dO18_0196,
PS122/2_19-144,10/01/2020,FR,87.175694,112.794265,0.07,0.04,S14,0,,,,dO18_0197,
PS122/2_19-145,13/01/2020,runway1,87.338367,107.028839,0.03,0,,,4.3,,,dO18_0032,"bottom, RS salinity instrument (psu)"
PS122/2_19-145,13/01/2020,runway1,87.338367,107.028839,0.03,0,,,6.39,,,dO18_0034,"bottom, RS salinity instrument (psu)"
PS122/2_19-145,13/01/2020,runway1,87.338367,107.028839,0.03,0,,,6.75,,,dO18_0035,"bottom, RS salinity instrument (psu)"
PS122/2_19-145,13/01/2020,runway1,87.338367,107.028839,0.03,0,,,7.61,,,dO18_0036,"bottom, RS salinity instrument (psu)"
PS122/2_19-145,13/01/2020,runway1,87.338367,107.028839,0.03,0,,,14.33,,,dO18_0041,"bottom, RS salinity instrument (psu)"
PS122/2_19-145,13/01/2020,runway1,87.338367,107.028839,0.08,0.05,,,0.15,,,dO18_0135,"surface, RS salinity instrument, (psu)"
PS122/2_19-145,13/01/2020,runway1,87.338367,107.028839,0.03,0.015,,,0.16,,,dO18_0136,"surface, RS salinity instrument, (psu)"
PS122/2_19-145,13/01/2020,runway1,87.338367,107.028839,0.06,0.03,,,0.2,,,dO18_0138,"surface, RS salinity instrument, (psu)"
PS122/2_19-145,13/01/2020,runway1,87.338367,107.028839,0.04,0.01,,,0.28,,,dO18_0139,"surface, RS salinity instrument, (psu)"
PS122/2_19-145,13/01/2020,runway1,87.338367,107.028839,0.12,0.09,,,1.07,,,dO18_0140,"surface, RS salinity instrument, (psu)"
PS122/2_19-146,09/01/2020,runway1,87.146529,114.16245,0,-0.03,B,7.2,,,,dO18_0029,"bottom, EMIRAD"
PS122/2_19-146,09/01/2020,runway1,87.146529,114.16245,0.08,0.05,S20,0,,,,dO18_0132,"surface, EMIRAD"
PS122/2_19-41,08/01/2020,L3,87.113455,115.177044,0.05,0,AB,6,,,20.1,dO18_0019,bottom
PS122/2_19-41,08/01/2020,L3,87.113455,115.177044,0.12,0.11,AA,0,,,20.1,dO18_0122,surface
PS122/2_19-75,09/01/2020,BGC3,87.136672,114.534163,0.03,0,AC,2.6,,,20.1,dO18_0020,bottom
PS122/2_19-75,09/01/2020,BGC3,87.136672,114.534163,0.15,0.12,S12,0.1,,,20.1,dO18_0123,surface
PS122/2_19-9,06/01/2020,snow1-A1,87.098823,115.257965,0.145,0.115,S7,0,,9.1,17.1,dO18_0187,
PS122/2_19-9,06/01/2020,snow1-A1,87.098823,115.257965,0.235,0.205,S15,0,,13.5,17.1,dO18_0184,
PS122/2_19-9,06/01/2020,snow1-A1,87.098823,115.257965,0.205,0.175,S18,0,,14.3,17.1,dO18_0185,
PS122/2_19-9,06/01/2020,snow1-A1,87.098823,115.257965,0.175,0.145,S14,0,,14.4,17.1,dO18_0186,
PS122/2_19-9,06/01/2020,snow1-A1,87.098823,115.257965,0.115,0.085,S3,0,,29.4,17.1,dO18_0188,
PS122/2_19-9,06/01/2020,snow1-A1,87.098823,115.257965,0.265,0.235,S12,0,,65.2,17.1,dO18_0183,
PS122/2_19-9,06/01/2020,snow1-A1,87.098823,115.257965,0.085,0.055,S11,0.1,,246,17.1,dO18_0189,
PS122/2_19-9,06/01/2020,snow1-A1,87.098823,115.257965,0.055,0.025,S19,,,418.5,17.1,dO18_0190,
PS122/2_19-9,06/01/2020,snow1-A1,87.098823,115.257965,0.03,0,S4,,,638,17.1,dO18_0191,
PS122/2_19-92,10/01/2020,snow2-A2,87.168234,113.089407,0.13,0.1,S15,0,,,18.1,dO18_0198,
PS122/2_19-92,10/01/2020,snow2-A2,87.168234,113.089407,0.1,0.07,S3,0,,,18.1,dO18_0199,
PS122/2_19-92,10/01/2020,snow2-A2,87.168234,113.089407,0.07,0.04,S10,0,,,18.1,dO18_0200,
PS122/2_19-92,10/01/2020,snow2-A2,87.168234,113.089407,0.03,0,S16,0,,,18.1,dO18_0201,
PS122/2_20-4,13/01/2020,snow3-A6,87.333578,107.158962,0.1,0.07,S6,0.1,,,19,dO18_0210,
PS122/2_20-4,13/01/2020,snow3-A6,87.333578,107.158962,0.07,0.04,S7,4.8,,,19,dO18_0211,
PS122/2_20-4,13/01/2020,snow3-A6,87.333578,107.158962,0.03,0,S16,22.2,,,19,dO18_0212,
PS122/2_20-80,17/01/2020,snow1-A5,87.506502,99.307938,0.105,0.075,S13,0,,,18,dO18_0202,
PS122/2_20-80,17/01/2020,snow1-A5,87.506502,99.307938,0.075,0.045,AB,3.8,,,18,dO18_0203,
PS122/2_20-80,17/01/2020,snow1-A5,87.506502,99.307938,0.03,0,S18,8.9,,,18,dO18_0204,
PS122/2_20-83,17/01/2020,snow2-A8,87.514281,99.409629,0.03,0,S10,0.4,,,18,dO18_0121,superimposed ice
PS122/2_20-83,17/01/2020,snow2-A8,87.514281,99.409629,0.195,0.165,S1,0.1,,,18,dO18_0205,
PS122/2_20-83,17/01/2020,snow2-A8,87.514281,99.409629,0.165,0.135,S11,0,,,18,dO18_0206,
PS122/2_20-83,17/01/2020,snow2-A8,87.514281,99.409629,0.135,0.105,S8,0,,,18,dO18_0207,
PS122/2_20-83,17/01/2020,snow2-A8,87.514281,99.409629,0.105,0.075,S3,0,,,18,dO18_0208,
PS122/2_20-83,17/01/2020,snow2-A8,87.514281,99.409629,0.075,0.045,S2,0,,,18,dO18_0209,
PS122/2_21-14,20/01/2020,snow1-A1,87.439326,97.619717,0.26,0.23,S3,0.1,,,18,dO18_0213,
PS122/2_21-14,20/01/2020,snow1-A1,87.439326,97.619717,0.23,0.2,S15,0,,,18,dO18_0214,
PS122/2_21-14,20/01/2020,snow1-A1,87.439326,97.619717,0.2,0.17,S19,0,,,18,dO18_0215,
PS122/2_21-14,20/01/2020,snow1-A1,87.439326,97.619717,0.17,0.14,KL,0,,,18,dO18_0216,
PS122/2_21-14,20/01/2020,snow1-A1,87.439326,97.619717,0.03,0,S4,0.5,,,18,dO18_0217,
PS122/2_21-15,20/01/2020,snow2-A2,87.449599,97.423748,0.135,0.105,S9,0,,,18,dO18_0218,
PS122/2_21-15,20/01/2020,snow2-A2,87.449599,97.423748,0.105,0.075,VA,0,,,18,dO18_0219,
PS122/2_21-15,20/01/2020,snow2-A2,87.449599,97.423748,0.075,0.045,AA,0,,,18,dO18_0220,
PS122/2_21-15,20/01/2020,snow2-A2,87.449599,97.423748,0.03,0,S20,0,,,18,dO18_0221,
PS122/2_21-52,22/01/2020,snow1-A5,87.481129,95.067037,0.09,0.07,S11,0,,,20,dO18_0224,
PS122/2_21-52,22/01/2020,snow1-A5,87.481129,95.067037,0.03,0,S16,4,,,20,dO18_0225,
PS122/2_21-53,22/01/2020,snow3-A6,87.481958,95.106513,0.08,0.05,S1,0.8,,,19.5,dO18_0222,
PS122/2_21-53,22/01/2020,snow3-A6,87.481958,95.106513,0.03,0,S2,20.4,,,19.5,dO18_0223,
PS122/2_21-84,23/01/2020,RS3,87.448429,94.140424,0.12,0.09,AC,0,,,18.5,dO18_0101,RS3
PS122/2_21-84,23/01/2020,RS3,87.448429,94.140424,0.09,0.06,S10,0,,,18.5,dO18_0102,RS3
PS122/2_21-84,23/01/2020,RS3,87.448429,94.140424,0.06,0.03,AB,0.7,,,18.5,dO18_0103,RS3
PS122/2_21-84,23/01/2020,RS3,87.448429,94.140424,0.03,0,VA,6.3,,,18.5,dO18_0106,RS3
PS122/2_21-96,24/01/2020,FR,87.421249,93.119838,0.26,0.23,S2,0,,,22,dO18_0226,
PS122/2_21-96,24/01/2020,FR,87.421249,93.119838,0.23,0.2,S16,0,,,22,dO18_0227,
PS122/2_21-96,24/01/2020,FR,87.421249,93.119838,0.2,0.17,VA,0.1,,,22,dO18_0228,
PS122/2_21-96,24/01/2020,FR,87.421249,93.119838,0.17,0.14,S11,0,,,22,dO18_0229,
PS122/2_21-96,24/01/2020,FR,87.421249,93.119838,0.14,0.11,S1,0,,,22,dO18_0230,
PS122/2_21-96,24/01/2020,FR,87.421249,93.119838,0.11,0.08,AB,0,,,22,dO18_0231,
PS122/2_21-96,24/01/2020,FR,87.421249,93.119838,0.05,0,S3,0,,,22,dO18_0232,
PS122/2_22-43,29/01/2020,snow3-A6,87.470632,95.21388,0.08,0.05,S6,0.9,,,21.4,dO18_0242,
PS122/2_22-43,29/01/2020,snow3-A6,87.470632,95.21388,0.03,0,AA,19.3,,,21,dO18_0243,
PS122/2_22-43,29/01/2020,snow3-A6,87.470632,95.21388,0.095,0.065,S14,0.2,,,21.4,dO18_0245,
PS122/2_22-43,29/01/2020,snow3-A6,87.470632,95.21388,0.03,0,S15,18.8,,,20.8,dO18_0246,
PS122/2_22-43,29/01/2020,snow3-A6,87.470632,95.21388,0.11,0.08,S7,0.1,,,21.2,dO18_0247,
PS122/2_22-43,29/01/2020,snow3-A6,87.470632,95.21388,0.03,0,S10,19.8,,,20.9,dO18_0248,
PS122/2_22-43,29/01/2020,snow3-A6,87.470632,95.21388,0.105,0.075,S12,0.2,,,21.4,dO18_0249,
PS122/2_22-43,29/01/2020,snow3-A6,87.470632,95.21388,0.03,0,S13,20.6,,,20.8,dO18_0250,
PS122/2_22-46,29/01/2020,snow3-A6,87.470634,95.205497,0.06,0.03,AC,13.9,,,21.1,dO18_0251,
PS122/2_22-46,29/01/2020,snow3-A6,87.470634,95.205497,0.4,0.37,S9,0,,,20.8,dO18_0252,
PS122/2_22-46,29/01/2020,snow3-A6,87.470634,95.205497,0.22,0.18,KL,0,,,21.4,dO18_0253,
PS122/2_22-46,29/01/2020,snow3-A6,87.470634,95.205497,0.03,0,S4,16.7,,,20.9,dO18_0254,
PS122/2_22-5,27/01/2020,snow2-A8,87.444174,95.566683,0.17,0.14,S14,0,,,16.5,dO18_0233,
PS122/2_22-5,27/01/2020,snow2-A8,87.444174,95.566683,0.14,0.11,S6,0,,,16.5,dO18_0238,
PS122/2_22-5,27/01/2020,snow2-A8,87.444174,95.566683,0.11,0.08,S10,0,,,16.5,dO18_0239,
PS122/2_22-5,27/01/2020,snow2-A8,87.444174,95.566683,0.08,0.05,S9,0,,,16.5,dO18_0240,
PS122/2_22-5,27/01/2020,snow2-A8,87.444174,95.566683,0.05,0.02,S20,0.1,,,16.5,dO18_0241,
PS122/2_22-6,27/01/2020,snow3-A6,87.447999,95.765049,0,-0.02,S13,10.7,,,17,dO18_0111,sea ice flat
PS122/2_22-6,27/01/2020,snow3-A6,87.447999,95.765049,0,-0.02,S18,14.3,,,17,dO18_0112,sea ice rough
PS122/2_22-6,27/01/2020,snow3-A6,87.447999,95.765049,0.12,0.09,RR,3.9,,,17,dO18_0177,very saline snow
PS122/2_22-6,27/01/2020,snow3-A6,87.447999,95.765049,0.09,0.06,AA,9.9,,,17,dO18_0178,very saline snow
PS122/2_22-6,27/01/2020,snow3-A6,87.447999,95.765049,0.06,0.03,S15,14,,,17,dO18_0179,very saline snow
PS122/2_22-6,27/01/2020,snow3-A6,87.447999,95.765049,0.03,0,S7,22.7,,,17,dO18_0180,very saline snow
PS122/2_22-61,30/01/2020,RS3,87.459572,96.529555,0.26,0.23,S20,0.1,,,17.8,dO18_0264,
PS122/2_22-61,30/01/2020,RS3,87.459572,96.529555,0.03,0,S18,3.5,,,18,dO18_0265,
PS122/2_22-73,31/01/2020,snow1-A3,87.438508,96.47659,0.06,0.03,AB,1.7,,,18,dO18_0262,
PS122/2_22-73,31/01/2020,snow1-A3,87.438508,96.47659,0.03,0,RR,16,,,17.8,dO18_0263,
PS122/2_23-2,03/02/2020,ds-coring-FYI,87.421046,93.412738,0.085,0.055,S4,1.4,,,17.9,dO18_0255,
PS122/2_23-2,03/02/2020,ds-coring-FYI,87.421046,93.412738,0.055,0.025,S10,5.7,,,17.8,dO18_0256,
PS122/2_23-2,03/02/2020,ds-coring-FYI,87.421046,93.412738,0.03,0,AA,17.9,,,17.7,dO18_0257,
PS122/2_23-34,05/02/2020,snow2-A2,87.53215,95.07494,0.11,0.08,S9,0,,,18.2,dO18_0274,
PS122/2_23-34,05/02/2020,snow2-A2,87.53215,95.07494,0.08,0.05,S19,0,,,18.1,dO18_0275,
PS122/2_23-34,05/02/2020,snow2-A2,87.53215,95.07494,0.05,0.02,S1,0,,,18,dO18_0276,
PS122/2_23-34,05/02/2020,snow2-A2,87.53215,95.07494,0.03,0,S8,0.1,,,17.8,dO18_0277,
PS122/2_23-53,06/02/2020,L3,87.605673,94.012638,0.145,0.12,S4,0.1,,,18.8,dO18_0283,
PS122/2_23-53,06/02/2020,L3,87.605673,94.012638,0.035,0,RR,8,,,18.5,dO18_0284,
PS122/2_23-73,07/02/2020,FR,87.636323,93.749778,0.46,0.43,S3,0.1,,,16.6,dO18_0272,
PS122/2_23-73,07/02/2020,FR,87.636323,93.749778,0.03,0,AA,0.8,,,16.5,dO18_0273,
PS122/2_23-74,07/02/2020,snow1-A5,87.640855,93.7781,0.01,0,B,9.5,,,18,dO18_0176,very hard crust
PS122/2_23-74,07/02/2020,snow1-A5,87.640855,93.7781,0.25,0.22,S15,0,,,16.1,dO18_0266,
PS122/2_23-74,07/02/2020,snow1-A5,87.640855,93.7781,0.19,0.16,VA,0,,,17.5,dO18_0267,
PS122/2_23-74,07/02/2020,snow1-A5,87.640855,93.7781,0.13,0.1,S10,0,,,16.8,dO18_0268,
PS122/2_23-74,07/02/2020,snow1-A5,87.640855,93.7781,0.1,0.07,AB,0,,,17.5,dO18_0269,
PS122/2_23-74,07/02/2020,snow1-A5,87.640855,93.7781,0.07,0.04,S2,1.4,,,18.3,dO18_0270,
PS122/2_23-74,07/02/2020,snow1-A5,87.640855,93.7781,0.04,0.01,S20,2.4,,,18,dO18_0271,
PS122/2_23-75,06/02/2020,RS-transect-north,87.611803,93.950906,0.03,0,S13,0,,,18.5,dO18_0058,from snow block from digging
PS122/2_23-75,06/02/2020,RS-transect-north,87.611803,93.950906,0.23,0.2,S7,0,,,18.8,dO18_0281,
PS122/2_23-76,06/02/2020,RS-transect-north,87.612386,93.945602,0.09,0.06,S18,0,,,17.6,dO18_0279,
PS122/2_23-76,06/02/2020,RS-transect-north,87.612386,93.945602,0.03,0,S14,0.6,,,18.5,dO18_0285,
PS122/2_23-77,06/02/2020,RS-transect-north,87.612868,93.941162,0.03,0,AC,0,,,17.8,dO18_0278,
PS122/2_23-77,06/02/2020,RS-transect-north,87.612868,93.941162,0.165,0.135,S16,0,,,19,dO18_0286,
PS122/2_23-9,03/02/2020,snow1-A1,87.408453,93.196676,0.24,0.21,AC,0,,,18.1,dO18_0258,
PS122/2_23-9,03/02/2020,snow1-A1,87.408453,93.196676,0.21,0.18,S14,0,,,18,dO18_0259,
PS122/2_23-9,03/02/2020,snow1-A1,87.408453,93.196676,0.18,0.15,KL,0,,,18.1,dO18_0260,
PS122/2_23-9,03/02/2020,snow1-A1,87.408453,93.196676,0.15,0.12,S7,0,,,17.8,dO18_0261,
PS122/2_24-112,15/02/2020,L1,88.068118,79.762696,0.05,0,S11,0,,,20.9,dO18_0350,
PS122/2_24-112,15/02/2020,L1,88.068118,79.762696,0.27,0.24,S10,0,,,20.5,dO18_0353,
PS122/2_24-113,15/02/2020,L2,88.068343,79.780367,0.03,0,S16,3.6,,,20.5,dO18_0351,
PS122/2_24-113,15/02/2020,L2,88.068343,79.780367,0.11,0.08,S4,0.1,,,20.8,dO18_0352,
PS122/2_24-14,10/02/2020,snow3-A6,87.777867,92.017269,0.09,0.06,S20,0.9,,,15.3,dO18_0292,
PS122/2_24-14,10/02/2020,snow3-A6,87.777867,92.017269,0.06,0.03,AB,8,,,15.3,dO18_0293,
PS122/2_24-14,10/02/2020,snow3-A6,87.777867,92.017269,0.03,0,S3,16.9,,,15.4,dO18_0294,
PS122/2_24-15,10/02/2020,snow2-A8,87.7858,91.806571,0.15,0.12,S11,0.1,,,15.5,dO18_0287,
PS122/2_24-15,10/02/2020,snow2-A8,87.7858,91.806571,0.12,0.09,S15,0,,,15.3,dO18_0288,
PS122/2_24-15,10/02/2020,snow2-A8,87.7858,91.806571,0.09,0.06,S10,0,,,15.3,dO18_0289,
PS122/2_24-15,10/02/2020,snow2-A8,87.7858,91.806571,0.06,0.03,S19,0,,,15.4,dO18_0290,
PS122/2_24-15,10/02/2020,snow2-A8,87.7858,91.806571,0.03,0,S18,0.6,,,15.4,dO18_0291,
PS122/2_24-35,12/02/2020,snow2-A10,87.861033,88.024284,0.56,0.53,VA,0,,,20.5,dO18_0072,not taken as dO18 sample
PS122/2_24-35,12/02/2020,snow2-A10,87.861033,88.024284,0.26,0.23,KL,0.1,,,20.7,dO18_0077,not taken as dO18 sample
PS122/2_24-35,12/02/2020,snow2-A10,87.861033,88.024284,0.05,0.02,S3,1.5,,,20.7,dO18_0081,not taken as dO18 sample
PS122/2_24-81,15/02/2020,RS3,88.068786,79.810557,0.11,0.14,S15,0,,,20.8,dO18_0073,not taken as dO18 sample
PS122/2_24-81,15/02/2020,RS3,88.068786,79.810557,0.02,0.05,M,0.1,,,20.8,dO18_0078,not taken as dO18 sample
PS122/2_24-81,15/02/2020,RS3,88.068786,79.810557,0,0.02,S2,2.4,,,20.6,dO18_0083,not taken as dO18 sample
PS122/2_24-86,16/02/2020,snow1-A3,88.066823,79.750064,0.16,0.13,S20,0,,,20.5,dO18_0345,
PS122/2_24-86,16/02/2020,snow1-A3,88.066823,79.750064,0.13,0.1,S7,0,,,20.6,dO18_0346,
PS122/2_24-86,16/02/2020,snow1-A3,88.066823,79.750064,0.1,0.07,S18,0,,,20.4,dO18_0347,
PS122/2_24-86,16/02/2020,snow1-A3,88.066823,79.750064,0.07,0.04,S1,9,,,20,dO18_0348,
PS122/2_24-86,16/02/2020,snow1-A3,88.066823,79.750064,0.04,0.01,AB,12.2,,,20.6,dO18_0349,
PS122/2_25-22,17/02/2020,snow2-A2,88.072472,79.234834,0.12,0.09,S19,0.1,,,20.2,dO18_0341,
PS122/2_25-22,17/02/2020,snow2-A2,88.072472,79.234834,0.09,0.06,S9,0,,,20.6,dO18_0342,
PS122/2_25-22,17/02/2020,snow2-A2,88.072472,79.234834,0.06,0.03,S13,0,,,20.3,dO18_0343,
PS122/2_25-22,17/02/2020,snow2-A2,88.072472,79.234834,0.03,0,B,0,,,20.1,dO18_0344,
PS122/2_25-23,17/02/2020,snow1-A1,88.07308,78.970063,0.21,0.18,RR,0.1,,,20.3,dO18_0334,
PS122/2_25-23,17/02/2020,snow1-A1,88.07308,78.970063,0.18,0.15,S8,0,,,20.4,dO18_0335,
PS122/2_25-23,17/02/2020,snow1-A1,88.07308,78.970063,0.15,0.12,S12,0,,,20.5,dO18_0336,
PS122/2_25-23,17/02/2020,snow1-A1,88.07308,78.970063,0.12,0.09,S14,0,,,20.1,dO18_0337,
PS122/2_25-23,17/02/2020,snow1-A1,88.07308,78.970063,0.09,0.06,AC,0.2,,,20.2,dO18_0338,
PS122/2_25-23,17/02/2020,snow1-A1,88.07308,78.970063,0.06,0.03,S21(Tuper),1.6,,,20.2,dO18_0339,
PS122/2_25-23,17/02/2020,snow1-A1,88.07308,78.970063,0.03,0,AA,3.9,,,20.5,dO18_0340,
PS122/2_25-59,20/02/2020,RS3,88.382455,68.840467,0.095,0.08,S4,0,,,18,dO18_0074,not taken as dO18 sample
PS122/2_25-59,20/02/2020,RS3,88.382455,68.840467,0.02,0,S11,1.5,,,17.9,dO18_0082,not taken as dO18 sample
PS122/2_25-80,21/02/2020,snow1-A5,88.478687,66.945536,0.08,0.05,S3,0.1,,,17.7,dO18_0354,
PS122/2_25-80,21/02/2020,snow1-A5,88.478687,66.945536,0.05,0.02,S19,1.1,,,17.7,dO18_0355,
PS122/2_25-80,21/02/2020,snow1-A5,88.478687,66.945536,0.03,0,B,13.6,,,17.6,dO18_0356,
PS122/2_25-81,21/02/2020,FR,88.499097,66.505657,0.4,0.37,S8,0,,,18.3,dO18_0075,not taken as dO18 sample
PS122/2_25-81,21/02/2020,FR,88.499097,66.505657,0.2,0.17,S15,0,,,17.8,dO18_0076,not taken as dO18 sample
PS122/2_25-81,21/02/2020,FR,88.499097,66.505657,0.8,0.77,AC,0.1,,,18.1,dO18_0079,not taken as dO18 sample
PS122/2_25-81,21/02/2020,FR,88.499097,66.505657,0.6,0.57,S10,0.1,,,18.1,dO18_0080,not taken as dO18 sample
PS122/2_25-81,21/02/2020,FR,88.499097,66.505657,0.87,0.84,S12,0.1,,,17.7,dO18_0357,
PS122/2_25-81,21/02/2020,FR,88.499097,66.505657,0.7,0.67,S9,0.1,,,17.8,dO18_0358,
PS122/2_25-81,21/02/2020,FR,88.499097,66.505657,0.5,0.47,AA,0,,,18,dO18_0359,
PS122/2_25-81,21/02/2020,FR,88.499097,66.505657,0.3,0.27,S16,0,,,17.5,dO18_0360,
PS122/2_25-81,21/02/2020,FR,88.499097,66.505657,0.1,0.07,RR,0,,,17.8,dO18_0361,
PS122/2_25-81,21/02/2020,FR,88.499097,66.505657,0,0.03,M,0,,,17.9,dO18_0362,
PS122/3_29-28,26/02/2020,snow1-A3,88.507153,41.149214,0.25,0.22,S7,0.1,,,17,dO18_0369,
PS122/3_29-28,26/02/2020,snow1-A3,88.507153,41.149214,0.2,0.17,S8,0.1,,,16.6,dO18_0370,duplicate d18O samples
PS122/3_29-28,26/02/2020,snow1-A3,88.507153,41.149214,0.17,0.14,S18,0.2,,,16.4,dO18_0370,duplicate d18O samples
PS122/3_29-28,26/02/2020,snow1-A3,88.507153,41.149214,0.14,0.11,S1,0.1,,,16.9,dO18_0371,
PS122/3_29-28,26/02/2020,snow1-A3,88.507153,41.149214,0.11,0.08,AA,0.1,,,16.8,dO18_0372,
PS122/3_29-28,26/02/2020,snow1-A3,88.507153,41.149214,0.08,0.05,S14,1.8,,,16.4,dO18_0373,
PS122/3_29-28,26/02/2020,snow1-A3,88.507153,41.149214,0.04,0.01,B,12,,,16.9,dO18_0374,
PS122/3_29-28,26/02/2020,snow1-A3,88.507153,41.149214,0.02,0,S9,13,,,16.6,dO18_0375,
PS122/3_29-43,27/02/2020,RS3,88.41405,36.848866,0.1,0.07,BAB,0.1,,,15.3,dO18_0363,
PS122/3_29-43,27/02/2020,RS3,88.41405,36.848866,0.07,0.04,ION120,0,,,15.8,dO18_0364,
PS122/3_29-43,27/02/2020,RS3,88.41405,36.848866,0.03,0,ION119,1.2,,,15.8,dO18_0365,
PS122/3_29-9,25/02/2020,snow2-A8,88.560159,45.682791,0.22,0.19,KL,0,,,16.7,dO18_0376,
PS122/3_29-9,25/02/2020,snow2-A8,88.560159,45.682791,0.19,0.16,S20,0.1,,,16.4,dO18_0377,
PS122/3_29-9,25/02/2020,snow2-A8,88.560159,45.682791,0.16,0.13,S13,0,,,16.4,dO18_0379,
PS122/3_29-9,25/02/2020,snow2-A8,88.560159,45.682791,0.13,0.1,AB,0,,,16.7,dO18_0380,
PS122/3_29-9,25/02/2020,snow2-A8,88.560159,45.682791,0.04,0.01,S19,1.1,,,16.9,dO18_0381,
PS122/3_30-17,02/03/2020,snow2-A2,88.181497,31.002182,0.19,0.16,S9,0,,,,dO18_0160,two S9
PS122/3_30-17,02/03/2020,snow2-A2,88.181497,31.002182,0.28,0.25,B,0,,,17.9,dO18_0408,
PS122/3_30-17,02/03/2020,snow2-A2,88.181497,31.002182,0.22,0.19,S18,0,,,18,dO18_0409,
PS122/3_30-17,02/03/2020,snow2-A2,88.181497,31.002182,0.16,0.13,KL,0,,,17.8,dO18_0410,
PS122/3_30-17,02/03/2020,snow2-A2,88.181497,31.002182,0.13,0.1,S14,0,,,17.6,dO18_0413,
PS122/3_30-17,02/03/2020,snow2-A2,88.181497,31.002182,0.1,0.07,S1,0,,,17.9,dO18_0414,
PS122/3_30-17,02/03/2020,snow2-A2,88.181497,31.002182,0.07,0.04,S2,0,,,18,dO18_0415,
PS122/3_30-17,02/03/2020,snow2-A2,88.181497,31.002182,0.04,0.01,VA,0,,,17.9,dO18_0416,
PS122/3_30-25,04/03/2020,snow1-A1,88.096915,30.487691,0.2,0.17,S13,0,,,17.9,dO18_0403,
PS122/3_30-25,04/03/2020,snow1-A1,88.096915,30.487691,0.17,0.14,S20,0,,,17.6,dO18_0404,
PS122/3_30-25,04/03/2020,snow1-A1,88.096915,30.487691,0.14,0.11,S12,0,,,18.2,dO18_0405,
PS122/3_30-25,04/03/2020,snow1-A1,88.096915,30.487691,0.11,0.08,S7,0,,,17.6,dO18_0406,
PS122/3_30-25,04/03/2020,snow1-A1,88.096915,30.487691,0.08,0.05,AB,1,,,18,dO18_0407,
PS122/3_30-61,06/03/2020,RS3,88.101065,29.711328,0.07,0.04,A,0,,,21,dO18_0417,
PS122/3_30-61,06/03/2020,RS3,88.101065,29.711328,0.04,0.01,B,0.6,,,20.2,dO18_0420,
PS122/3_31-55,11/03/2020,snow1-A5,87.67317,24.578734,0.27,0.24,O,0.1,,,20.3,dO18_0430,
PS122/3_31-55,11/03/2020,snow1-A5,87.67317,24.578734,0.24,0.21,N,0.1,,,21.1,dO18_0431,
PS122/3_31-55,11/03/2020,snow1-A5,87.67317,24.578734,0.21,0.18,M,0.1,,,20.9,dO18_0432,
PS122/3_31-55,11/03/2020,snow1-A5,87.67317,24.578734,0.18,0.15,K,0.1,,,20.3,dO18_0433,
PS122/3_31-55,11/03/2020,snow1-A5,87.67317,24.578734,0.15,0.12,L,0.1,,,20.4,dO18_0434,
PS122/3_31-55,11/03/2020,snow1-A5,87.67317,24.578734,0.12,0.09,J,0.1,,,21,dO18_0435,
PS122/3_31-55,11/03/2020,snow1-A5,87.67317,24.578734,0.09,0.06,H,0.1,,,21.3,dO18_0436,
PS122/3_31-55,11/03/2020,snow1-A5,87.67317,24.578734,0.06,0.03,I,4.9,,,21,dO18_0437,
PS122/3_31-55,11/03/2020,snow1-A5,87.67317,24.578734,0.03,0,G,10.7,,,20.7,dO18_0438,
PS122/3_31-79,15/03/2020,snow2-A2,87.069843,15.4024,0.13,0.1,E,0,,,20.6,dO18_0425,
PS122/3_31-79,15/03/2020,snow2-A2,87.069843,15.4024,0.16,0.13,Y,0.1,,,21.3,dO18_0426,
PS122/3_31-79,15/03/2020,snow2-A2,87.069843,15.4024,0.19,0.16,V,0,,,21,dO18_0427,
PS122/3_31-79,15/03/2020,snow2-A2,87.069843,15.4024,0.22,0.19,Q,0.1,,,20.8,dO18_0428,
PS122/3_31-79,15/03/2020,snow2-A2,87.069843,15.4024,0.25,0.22,R,0.1,,,20.6,dO18_0429,
PS122/3_32-22,16/03/2020,lead-flux,86.898816,12.867117,0.01,0,W,61.7,,,21.8,dO18_0439,
PS122/3_32-59,20/03/2020,snow2-A8,86.336028,14.779778,0.14,0.11,C,0.1,,,19.5,dO18_0444,
PS122/3_32-59,20/03/2020,snow2-A8,86.336028,14.779778,0.11,0.08,L,0,,,19.7,dO18_0445,
PS122/3_32-59,20/03/2020,snow2-A8,86.336028,14.779778,0.08,0.05,N,0,,,19.8,dO18_0446,
PS122/3_32-59,20/03/2020,snow2-A8,86.336028,14.779778,0.05,0.02,A,0.5,,,19.5,dO18_0447,
PS122/3_32-61,21/03/2020,ds-coring-FYI,86.264096,15.149762,0.13,0.1,Q,0.1,,,19.9,dO18_0440,
PS122/3_32-61,21/03/2020,ds-coring-FYI,86.264096,15.149762,0.1,0.07,D,0.1,,,19.3,dO18_0441,
PS122/3_32-61,21/03/2020,ds-coring-FYI,86.264096,15.149762,0.07,0.04,G,0,,,19.7,dO18_0442,
PS122/3_32-61,21/03/2020,ds-coring-FYI,86.264096,15.149762,0.04,0.01,E,4.5,,,19.4,dO18_0443,
PS122/3_32-88,22/03/2020,snow1-A5,86.229603,15.682993,0.16,0.13,I,0.1,,,19.4,dO18_0457,
PS122/3_32-88,22/03/2020,snow1-A5,86.229603,15.682993,0.13,0.1,K,0.1,,,20.4,dO18_0458,
PS122/3_32-88,22/03/2020,snow1-A5,86.229603,15.682993,0.1,0.07,J,0.1,,,19.7,dO18_0459,
PS122/3_32-88,22/03/2020,snow1-A5,86.229603,15.682993,0.07,0.04,H,1,,,19.9,dO18_0460,
PS122/3_32-88,22/03/2020,snow1-A5,86.229603,15.682993,0.04,0.01,B,11.2,,,20.2,dO18_0461,
PS122/3_32-92,22/03/2020,snow1-A3,86.227619,15.710508,0.3,0.27,U,0.1,,,18.7,dO18_0448,
PS122/3_32-92,22/03/2020,snow1-A3,86.227619,15.710508,0.27,0.24,S,0.1,,,19.3,dO18_0449,
PS122/3_32-92,22/03/2020,snow1-A3,86.227619,15.710508,0.24,0.21,W,0,,,20.6,dO18_0450,
PS122/3_32-92,22/03/2020,snow1-A3,86.227619,15.710508,0.21,0.18,P,0.1,,,19.4,dO18_0451,
PS122/3_32-92,22/03/2020,snow1-A3,86.227619,15.710508,0.18,0.15,O,0.1,,,20,dO18_0452,
PS122/3_32-92,22/03/2020,snow1-A3,86.227619,15.710508,0.15,0.12,T,0,,,19.5,dO18_0453,
PS122/3_32-92,22/03/2020,snow1-A3,86.227619,15.710508,0.12,0.09,F,0,,,19.9,dO18_0454,
PS122/3_32-92,22/03/2020,snow1-A3,86.227619,15.710508,0.09,0.06,M,4.8,,,19.9,dO18_0455,
PS122/3_32-92,22/03/2020,snow1-A3,86.227619,15.710508,0.06,0.03,Y,11.9,,,19.6,dO18_0456,
PS122/3_33-41,25/03/2020,snow2-A2,86.129983,14.303533,0.15,0.12,P,0,,,19.4,dO18_0462,
PS122/3_33-41,25/03/2020,snow2-A2,86.129983,14.303533,0.12,0.09,L,0,,,19.1,dO18_0463,
PS122/3_33-41,25/03/2020,snow2-A2,86.129983,14.303533,0.09,0.06,V,0.1,,,19.1,dO18_0464,
PS122/3_33-41,25/03/2020,snow2-A2,86.129983,14.303533,0.06,0.03,E,0.1,,,19.1,dO18_0465,
PS122/3_34-34,01/04/2020,snow2-A2,85.121823,15.504967,0.14,0.11,K,0.4,,,21.6,dO18_0108,SALINE TOP LAYER
PS122/3_34-34,01/04/2020,snow2-A2,85.121823,15.504967,0.11,0.08,B,0.2,,,21.2,dO18_0467,
PS122/3_34-34,01/04/2020,snow2-A2,85.121823,15.504967,0.08,0.05,T,0,,,21.3,dO18_0468,
PS122/3_34-34,01/04/2020,snow2-A2,85.121823,15.504967,0.05,0.02,M,0.2,,,21.1,dO18_0469,
PS122/3_34-45,02/04/2020,snow1-A5,84.971908,15.12961,0.07,0.04,A,0.8,,,22.6,dO18_0466,
PS122/3_35-23,06/04/2020,ds-coring-SYI,84.541147,14.185918,0.16,0.13,G,0,,,21.7,dO18_0482,
PS122/3_35-23,06/04/2020,ds-coring-SYI,84.541147,14.185918,0.13,0.1,F,0,,,21.6,dO18_0483,
PS122/3_35-23,06/04/2020,ds-coring-SYI,84.541147,14.185918,0.07,0.04,Y,0,,,21.8,dO18_0484,
PS122/3_35-23,06/04/2020,ds-coring-SYI,84.541147,14.185918,0.04,0.01,W,0,,,21.5,dO18_0485,
PS122/3_35-53,08/04/2020,RS4,84.483007,14.628226,0.15,0.12,E,0.1,,,22.3,dO18_0477,
PS122/3_35-53,08/04/2020,RS4,84.483007,14.628226,0.12,0.09,V,0,,,21.7,dO18_0478,
PS122/3_35-53,08/04/2020,RS4,84.483007,14.628226,0.09,0.06,H,0,,,21.5,dO18_0479,
PS122/3_35-53,08/04/2020,RS4,84.483007,14.628226,0.06,0.03,O,2.2,,,21.8,dO18_0480,
PS122/3_35-53,08/04/2020,RS4,84.483007,14.628226,0.03,0,N,6.8,,,22,dO18_0481,
PS122/3_35-56,08/04/2020,snow1-A3,84.478591,14.693862,0.27,0.24,Q,0.1,,,21.2,dO18_0470,
PS122/3_35-56,08/04/2020,snow1-A3,84.478591,14.693862,0.21,0.18,S,0.1,,,21.6,dO18_0471,
PS122/3_35-56,08/04/2020,snow1-A3,84.478591,14.693862,0.15,0.12,I,0.1,,,21.9,dO18_0472,
PS122/3_35-56,08/04/2020,snow1-A3,84.478591,14.693862,0.12,0.09,L,0.1,,,21.4,dO18_0473,
PS122/3_35-56,08/04/2020,snow1-A3,84.478591,14.693862,0.09,0.06,J,1.1,,,22.3,dO18_0474,
PS122/3_35-56,08/04/2020,snow1-A3,84.478591,14.693862,0.06,0.03,C,9,,,21.9,dO18_0475,
PS122/3_35-56,08/04/2020,snow1-A3,84.478591,14.693862,0.03,0,D,12.6,,,22.2,dO18_0476,
PS122/3_36-103,16/04/2020,RS4,84.350349,13.090793,0.22,0.19,B,0,,,23.5,dO18_0486,
PS122/3_36-103,16/04/2020,RS4,84.350349,13.090793,0.07,0.04,C,2.1,,,23.2,dO18_0487,
PS122/3_36-103,16/04/2020,RS4,84.350349,13.090793,0.13,0.1,Y,0.1,,,23.4,dO18_0488,
PS122/3_36-103,16/04/2020,RS4,84.350349,13.090793,0.19,0.16,H,0.1,,,23.2,dO18_0489,
PS122/3_36-103,16/04/2020,RS4,84.350349,13.090793,0.16,0.13,J,0.1,,,24,dO18_0504,
PS122/3_36-103,16/04/2020,RS4,84.350349,13.090793,0.1,0.07,W,0,,,23.9,dO18_0505,
PS122/3_36-103,16/04/2020,RS4,84.350349,13.090793,0.04,0.01,M,7.6,,,23.6,dO18_0506,
PS122/3_36-14,13/04/2020,snow1-A5*,84.293257,14.959879,0.17,0.14,F,0.1,,,22.5,dO18_0490,
PS122/3_36-14,13/04/2020,snow1-A5*,84.293257,14.959879,0.14,0.11,V,0.1,,,21.8,dO18_0491,
PS122/3_36-14,13/04/2020,snow1-A5*,84.293257,14.959879,0.11,0.08,O,0.1,,,22.6,dO18_0492,
PS122/3_36-14,13/04/2020,snow1-A5*,84.293257,14.959879,0.08,0.05,G,0.1,,,22.1,dO18_0493,
PS122/3_36-14,13/04/2020,snow1-A5*,84.293257,14.959879,0.05,0.03,T,1.8,,,22.5,dO18_0494,
PS122/3_36-14,13/04/2020,snow1-A5*,84.293257,14.959879,0.03,0,S,7.5,,,22.5,dO18_0495,
PS122/3_36-35,15/04/2020,snow2-A2,84.326425,14.021571,0.095,0.065,I,0,,,23.9,dO18_0496,
PS122/3_36-35,15/04/2020,snow2-A2,84.326425,14.021571,0.07,0.04,K,0,,,23.3,dO18_0497,
PS122/3_36-35,15/04/2020,snow2-A2,84.326425,14.021571,0.04,0.01,L,0,,,22.5,dO18_0498,
PS122/3_36-99,16/04/2020,ds-coring-FYI,84.314318,13.144333,0.15,0.12,q,0.1,,,23.2,dO18_0499,
PS122/3_36-99,16/04/2020,ds-coring-FYI,84.314318,13.144333,0.12,0.09,d,0,,,22.4,dO18_0500,
PS122/3_36-99,16/04/2020,ds-coring-FYI,84.314318,13.144333,0.09,0.06,e,0,,,23.8,dO18_0501,
PS122/3_36-99,16/04/2020,ds-coring-FYI,84.314318,13.144333,0.06,0.03,n,1.4,,,23.2,dO18_0502,
PS122/3_36-99,16/04/2020,ds-coring-FYI,84.314318,13.144333,0.03,0,a,3.7,,,24,dO18_0503,
PS122/3_37-129,25/04/2020,L1,84.013007,15.628248,0.34,0.31,M,0.3,,,22.6,dO18_0533,
PS122/3_37-129,25/04/2020,L1,84.013007,15.628248,0.22,0.19,D,0.1,,,22.8,dO18_0534,
PS122/3_37-129,25/04/2020,L1,84.013007,15.628248,0.19,0.16,G,0.1,,,22.9,dO18_0535,
PS122/3_37-129,25/04/2020,L1,84.013007,15.628248,0.1,0.07,A,0,,,22.8,dO18_0536,
PS122/3_37-129,25/04/2020,L1,84.013007,15.628248,0.07,0.04,B,2.2,,,22.3,dO18_0537,
PS122/3_37-129,25/04/2020,L1,84.013007,15.628248,0.04,0.01,Q,8.7,,,22.7,dO18_0538,
PS122/3_37-132,26/04/2020,RS4,83.920737,15.508356,0.14,0.11,F,0,,,21.8,dO18_0539,
PS122/3_37-132,26/04/2020,RS4,83.920737,15.508356,0.11,0.08,C,0,,,22.1,dO18_0540,
PS122/3_37-132,26/04/2020,RS4,83.920737,15.508356,0.08,0.05,O,0.8,,,22.3,dO18_0541,
PS122/3_37-132,26/04/2020,RS4,83.920737,15.508356,0.05,0.02,H,5.5,,,22.7,dO18_0542,
PS122/3_37-132,26/04/2020,RS4,83.920737,15.508356,0.02,0,A,5.2,,,22.2,dO18_0543,
PS122/3_37-39,22/04/2020,radiation-stn,84.140663,15.880081,0.09,0,U,0,,,19.4,dO18_0507,
PS122/3_37-41,22/04/2020,snow2-A2,84.119576,15.942104,0.105,0.075,N,0,,,20,dO18_0508,
PS122/3_37-41,22/04/2020,snow2-A2,84.119576,15.942104,0.075,0.045,C,0,,,19.4,dO18_0509,
PS122/3_37-41,22/04/2020,snow2-A2,84.119576,15.942104,0.035,0.005,D,1,,,19.6,dO18_0510,
PS122/3_37-57,23/04/2020,DR,84.072866,16.030914,0.79,0.76,O,0.1,,,19.6,dO18_0511,
PS122/3_37-57,23/04/2020,DR,84.072866,16.030914,0.73,0.7,H,0.1,,,19.3,dO18_0512,
PS122/3_37-57,23/04/2020,DR,84.072866,16.030914,0.67,0.64,S,0.1,,,19.9,dO18_0513,
PS122/3_37-57,23/04/2020,DR,84.072866,16.030914,0.61,0.58,Q,0.1,,,19.4,dO18_0514,
PS122/3_37-57,23/04/2020,DR,84.072866,16.030914,0.55,0.52,K,0,,,19.4,dO18_0515,
PS122/3_37-57,23/04/2020,DR,84.072866,16.030914,0.49,0.46,I,0,,,19.3,dO18_0522,
PS122/3_37-57,23/04/2020,DR,84.072866,16.030914,0.43,0.4,G,0,,,19.3,dO18_0523,
PS122/3_37-57,23/04/2020,DR,84.072866,16.030914,0.37,0.34,M,0,,,19.1,dO18_0524,
PS122/3_37-57,23/04/2020,DR,84.072866,16.030914,0.31,0.28,Y,0.2,,,19,dO18_0525,
PS122/3_37-57,23/04/2020,DR,84.072866,16.030914,0.25,0.22,B,0,,,19.3,dO18_0526,
PS122/3_37-57,23/04/2020,DR,84.072866,16.030914,0.19,0.16,W,0,,,19.3,dO18_0527,
PS122/3_37-57,23/04/2020,DR,84.072866,16.030914,0.13,0.1,T,0,,,19.3,dO18_0528,
PS122/3_37-57,23/04/2020,DR,84.072866,16.030914,0.1,0.07,F,0,,,19.2,dO18_0529,
PS122/3_37-57,23/04/2020,DR,84.072866,16.030914,0.07,0.04,V,0,,,19.4,dO18_0530,
PS122/3_37-68,24/04/2020,snow2-lead,84.057186,15.932178,0.05,0.02,J,54,,,9.3,dO18_0531,
PS122/3_37-68,24/04/2020,snow2-lead,84.057186,15.932178,0.03,0,R34,41.3,,,11.4,dO18_0532,
PS122/3_38-1,27/04/2020,snow2-A2,83.924284,15.628168,0.095,0.065,Y,0,,,21.6,dO18_0544,
PS122/3_38-1,27/04/2020,snow2-A2,83.924284,15.628168,0.06,0.03,K,0,,,22.2,dO18_0545,
PS122/3_38-1,27/04/2020,snow2-A2,83.924284,15.628168,0.03,0,W,0.3,,,22.7,dO18_0546,
PS122/3_38-141,03/05/2020,ds-coring-FYI*,83.885417,17.949331,0.218,0.188,G,0,,,19.4,dO18_0556,duplicate d18O samples
PS122/3_38-141,03/05/2020,ds-coring-FYI*,83.885417,17.949331,0.18,0.15,L,0.1,,,19.7,dO18_0556,duplicate d18O samples
PS122/3_38-141,03/05/2020,ds-coring-FYI*,83.885417,17.949331,0.15,0.12,Y,0.1,,,19.5,dO18_0557,duplicate d18O samples
PS122/3_38-141,03/05/2020,ds-coring-FYI*,83.885417,17.949331,0.12,0.09,E,0.1,,,19.5,dO18_0557,duplicate d18O samples
PS122/3_38-141,03/05/2020,ds-coring-FYI*,83.885417,17.949331,0.09,0.06,N,0.1,,,19.7,dO18_0558,
PS122/3_38-141,03/05/2020,ds-coring-FYI*,83.885417,17.949331,0.06,0.03,T,0.7,,,19.5,dO18_0559,
PS122/3_38-141,03/05/2020,ds-coring-FYI*,83.885417,17.949331,0.03,0,D,7.5,,,19.7,dO18_0560,
PS122/3_38-4,27/04/2020,snow1-A5*,83.933343,15.633877,0.065,0.03,I,1.2,,,22.2,dO18_0548,
PS122/3_38-51,30/04/2020,L2,83.936435,17.459645,0.49,0.46,K,0.1,,,19.5,dO18_0547,
PS122/3_38-51,30/04/2020,L2,83.936435,17.459645,0.46,0.43,F,0,,,19.5,dO18_0549,
PS122/3_38-51,30/04/2020,L2,83.936435,17.459645,0.43,0.4,C,0.1,,,19.3,dO18_0550,
PS122/3_38-51,30/04/2020,L2,83.936435,17.459645,0.34,0.31,J,0.1,,,19.8,dO18_0551,
PS122/3_38-51,30/04/2020,L2,83.936435,17.459645,0.27,0.24,B,0.1,,,20.1,dO18_0552,
PS122/3_38-51,30/04/2020,L2,83.936435,17.459645,0.19,0.16,W,0,,,19.4,dO18_0553,
PS122/3_38-51,30/04/2020,L2,83.936435,17.459645,0.1,0.07,I,0,,,19.8,dO18_0554,
PS122/3_38-51,30/04/2020,L2,83.936435,17.459645,0.03,0,Q,0.1,,,19.9,dO18_0555,
PS122/3_38-95,01/05/2020,RS4,83.919984,17.68505,0.145,0.115,S,0,,,19.7,dO18_0561,
PS122/3_38-95,01/05/2020,RS4,83.919984,17.68505,0.12,0.09,M,0.1,,,19.5,dO18_0562,
PS122/3_38-95,01/05/2020,RS4,83.919984,17.68505,0.09,0.06,O,0.1,,,19.6,dO18_0564,
PS122/3_38-95,01/05/2020,RS4,83.919984,17.68505,0.06,0.03,V,2.1,,,19.8,dO18_0565,
PS122/3_38-95,01/05/2020,RS4,83.919984,17.68505,0.03,0,H,6.4,,,19.6,dO18_0567,
PS122/3_39-45,04/05/2020,snow1-transect,83.905748,18.346132,0.03,0,A,9.1,,,22,dO18_0586,
PS122/3_39-45,04/05/2020,snow1-transect,83.905748,18.346132,0.075,0.045,M,0.1,,,21.8,dO18_0587,
PS122/3_39-46,04/05/2020,snow1-A5*,83.907986,18.352127,0.095,0.065,F,0.1,,,21.6,dO18_0568,
PS122/3_39-46,04/05/2020,snow1-A5*,83.907986,18.352127,0.06,0.03,Q,0.7,,,21.2,dO18_0569,
PS122/3_39-46,04/05/2020,snow1-A5*,83.907986,18.352127,0.03,0,K,7.5,,,21.3,dO18_0570,
PS122/3_39-48,06/05/2020,L3,83.921527,17.672559,0.185,0.155,T,0,,,21.3,dO18_0571,
PS122/3_39-48,06/05/2020,L3,83.921527,17.672559,0.16,0.13,H,0.1,,,21.3,dO18_0572,
PS122/3_39-48,06/05/2020,L3,83.921527,17.672559,0.13,0.1,G,0,,,21.2,dO18_0573,
PS122/3_39-48,06/05/2020,L3,83.921527,17.672559,0.1,0.07,B,0,,,21.1,dO18_0574,
PS122/3_39-48,06/05/2020,L3,83.921527,17.672559,0.07,0.04,D,0,,,21.1,dO18_0575,
PS122/3_39-88,09/05/2020,snow2-A2,83.791626,14.137251,0.1,0.07,J,0,,,21.3,dO18_0576,
PS122/3_39-88,09/05/2020,snow2-A2,83.791626,14.137251,0.04,0.01,S,0.4,,,21,dO18_0577,
PS122/3_39-91,09/05/2020,radiation-stn,83.76896,13.956977,0.03,0,Y,0,,,22.1,dO18_0578,
PS122/3_39-92,10/05/2020,snow1-A3,83.658609,13.462538,0.36,0.33,L,0.1,,,,dO18_0579,
PS122/3_39-92,10/05/2020,snow1-A3,83.658609,13.462538,0.3,0.27,I,0,,,21.5,dO18_0580,
PS122/3_39-92,10/05/2020,snow1-A3,83.658609,13.462538,0.18,0.15,W,0,,,21.2,dO18_0582,
PS122/3_39-92,10/05/2020,snow1-A3,83.658609,13.462538,0.12,0.09,O,0,,,23.3,dO18_0583,
PS122/3_39-92,10/05/2020,snow1-A3,83.658609,13.462538,0.06,0.03,C,0,,,22,dO18_0584,
PS122/3_39-92,10/05/2020,snow1-A3,83.658609,13.462538,0.03,0,V,2.5,,,22.3,dO18_0585,
PS122/4_44-156,22/06/2020,ds-coring-FYI*,81.983694,9.337652,0.07,0.04,J,0,,,19.8,dO18_0591,
PS122/4_44-156,22/06/2020,ds-coring-FYI*,81.983694,9.337652,0.1,0.07,K,0,,,20.6,dO18_0592,
PS122/4_44-156,22/06/2020,ds-coring-FYI*,81.983694,9.337652,0.04,0.01,Y,0,,,20.1,dO18_0593,
PS122/4_44-156,22/06/2020,ds-coring-FYI*,81.983694,9.337652,0.01,-0.04,Q,0.1,,,19,dO18_0594,
PS122/4_44-193,27/06/2020,optics-transect-ROV,81.935143,9.842092,0.03,0,AD,0,,,,dO18_0615,
PS122/4_44-193,27/06/2020,optics-transect-ROV,81.935143,9.842092,0.03,0,AE,0,,,,dO18_0616,
PS122/4_44-215,27/06/2020,Met-City-Ridge,81.967488,9.909812,0.32,0.29,O,0,,,24,dO18_0595,
PS122/4_44-215,27/06/2020,Met-City-Ridge,81.967488,9.909812,0.26,0.23,V,0,,,24,dO18_0596,
PS122/4_44-215,27/06/2020,Met-City-Ridge,81.967488,9.909812,0.2,0.17,A,0,,,23.7,dO18_0597,
PS122/4_44-216,28/06/2020,Met-City-Ridge,81.873215,9.472671,0.4,0.37,Y,0,,,23.9,dO18_0598,
PS122/4_44-216,28/06/2020,Met-City-Ridge,81.873215,9.472671,0.03,0,M,0,,,23.9,dO18_0600,
PS122/4_44-45,13/06/2020,Port,82.149102,7.694608,0.03,0.06,C,0,,,20.1,dO18_0590,
PS122/4_44-47,13/06/2020,Port,82.130768,7.702773,0.41,0.39,L,0,,,20.1,dO18_0588,
PS122/4_44-47,13/06/2020,Port,82.130768,7.702773,0.23,0.19,B,0,,,19.9,dO18_0589,
PS122/4_45-107,04/07/2020,optics-transect-ROV,81.706618,6.735446,0.05,0.02,Y,0,,,,dO18_0629,
PS122/4_45-107,04/07/2020,optics-transect-ROV,81.706618,6.735446,0.02,0,Y,0,,,,dO18_0630,
PS122/4_45-108,04/07/2020,RS5-A1,81.710941,6.682929,0.3,0.2,T,0,,,,dO18_0162,uCT holder
PS122/4_45-16,30/06/2020,SYI-behindAlisRidge,81.798226,8.980105,0.11,0.08,S,0,,,22.6,dO18_0601,
PS122/4_45-16,30/06/2020,SYI-behindAlisRidge,81.798226,8.980105,0.08,0.05,C,0,,,23.5,dO18_0602,
PS122/4_45-16,30/06/2020,SYI-behindAlisRidge,81.798226,8.980105,0.05,0.02,B,0,,,24.3,dO18_0603,
PS122/4_45-18,30/06/2020,RS5-A1,81.788426,8.964891,0.47,0.44,K,0,,,23.1,dO18_0604,
PS122/4_45-18,30/06/2020,RS5-A1,81.788426,8.964891,0.44,0.41,T,0,,,23.1,dO18_0605,
PS122/4_45-18,30/06/2020,RS5-A1,81.788426,8.964891,0.41,0.38,L,0,,,22.2,dO18_0606,
PS122/4_45-18,30/06/2020,RS5-A1,81.788426,8.964891,0.35,0.32,H,0,,,22.3,dO18_0607,
PS122/4_45-18,30/06/2020,RS5-A1,81.788426,8.964891,0.29,0.26,Q,0,,,23.1,dO18_0608,
PS122/4_45-18,30/06/2020,RS5-A1,81.788426,8.964891,0.2,0.17,D,0,,,24.4,dO18_0609,
PS122/4_45-18,30/06/2020,RS5-A1,81.788426,8.964891,0.14,0.11,I,0,,,23.5,dO18_0610,
PS122/4_45-18,30/06/2020,RS5-A1,81.788426,8.964891,0.08,0.05,F,0,,,22.5,dO18_0611,
PS122/4_45-8,29/06/2020,radiation-stn,81.825549,9.156658,0.1,0.06,Z,0,,,,dO18_0051,dirty cup with parafin
PS122/4_45-8,29/06/2020,radiation-stn,81.825549,9.156658,0.06,0.03,Z,0,,,,dO18_0052,dirty cup with parafin
PS122/4_45-8,29/06/2020,radiation-stn,81.825549,9.156658,0.03,0,Z,0,,,,dO18_0053,dirty cup with parafin
PS122/4_45-87,03/07/2020,Jaridge,81.677239,7.754624,0.69,0.66,M,0,,,20.5,dO18_0618,
PS122/4_45-87,03/07/2020,Jaridge,81.677239,7.754624,0.63,0.6,K,0,,,20.5,dO18_0619,
PS122/4_45-87,03/07/2020,Jaridge,81.677239,7.754624,0.57,0.54,Q,0,,,20.8,dO18_0620,
PS122/4_45-87,03/07/2020,Jaridge,81.677239,7.754624,0.51,0.48,C,0,,,21.2,dO18_0621,
PS122/4_45-87,03/07/2020,Jaridge,81.677239,7.754624,0.45,0.42,S,0,,,21.2,dO18_0622,
PS122/4_45-87,03/07/2020,Jaridge,81.677239,7.754624,0.36,0.33,Y,0,,,20.9,dO18_0623,
PS122/4_45-87,03/07/2020,Jaridge,81.677239,7.754624,0.27,0.24,I,0,,,21.2,dO18_0624,
PS122/4_46-104,10/07/2020,optics-stern,81.514745,2.400324,0,-0.04,T,0,,,,dO18_0638,
PS122/4_46-104,10/07/2020,optics-stern,81.514745,2.400324,0.025,0,B,0,,,,dO18_0640,
PS122/4_46-106,10/07/2020,optics-stern,81.500635,2.338499,0.1,0,AC,0,,,,dO18_0167,uCT holder
PS122/4_46-107,10/07/2020,RS5-A2,81.484837,2.198497,0.05,0.02,Y,0,,,,dO18_0645,
PS122/4_46-107,10/07/2020,RS5-A2,81.484837,2.198497,0.14,0.11,E,0,,,,dO18_0646,
PS122/4_46-107,10/07/2020,RS5-A2,81.484837,2.198497,0.29,0.26,W,0,,,,dO18_0647,
PS122/4_46-107,10/07/2020,RS5-A2,81.484837,2.198497,0.17,0.14,I,0,,,,dO18_0648,
PS122/4_46-107,10/07/2020,RS5-A2,81.484837,2.198497,0.47,0.44,D,0,,,,dO18_0649,
PS122/4_46-107,10/07/2020,RS5-A2,81.484837,2.198497,0.38,0.35,O,0,,,,dO18_0663,
PS122/4_46-108,10/07/2020,optics-stern,81.482747,2.155989,0.02,0,N,0,,,,dO18_0015,albedo point 5B
PS122/4_46-109,10/07/2020,optics-METcity,81.481578,2.128539,0.015,0,V,0,,,,dO18_0012,albedo point 2
PS122/4_46-109,10/07/2020,optics-METcity,81.481578,2.128539,0.03,0,K,0,,,,dO18_0018,albedo point 6
PS122/4_46-110,11/07/2020,RS5-A2,81.474195,1.950558,0,0,U,0,,,,dO18_0168,uCT holder
PS122/4_46-111,11/07/2020,optics-stern,81.472587,1.910245,0.04,0,F,0,,,,dO18_0013,albedo point 5A
PS122/4_46-111,11/07/2020,optics-stern,81.472587,1.910245,0.035,0,J,0,,,,dO18_0016,albedo point 5B
PS122/4_46-112,11/07/2020,optics-stern,81.459104,1.74179,0.09,0,A,0,,,,dO18_0009,albedo point 1A
PS122/4_46-112,11/07/2020,optics-stern,81.459104,1.74179,0.035,0,H,0,,,,dO18_0014,albedo point 5A
PS122/4_46-112,11/07/2020,optics-stern,81.459104,1.74179,0.03,0,G,0,,,,dO18_0017,albedo point 5B
PS122/4_46-112,11/07/2020,optics-stern,81.459104,1.74179,0.1,0,W,0,,,,dO18_0165,uCT holder
PS122/4_46-135,11/07/2020,RS5-A2,81.456558,1.716194,0,0,R,0,,,,dO18_0163,uCT holder
PS122/4_46-181,06/07/2020,ds-coring-FYI*,81.698446,5.60343,0.03,0,,0,,,,dO18_0059,FYI coring team took dO18 surface snow/SSL sample
PS122/4_46-29,06/07/2020,SYI-behindAlisRidge,81.696315,5.58293,0.09,0.06,D,0,,,,dO18_0625,
PS122/4_46-29,06/07/2020,SYI-behindAlisRidge,81.696315,5.58293,0.06,0.03,O,0,,,,dO18_0626,
PS122/4_46-29,06/07/2020,SYI-behindAlisRidge,81.696315,5.58293,0.03,0,N,0,,,,dO18_0627,
PS122/4_46-29,06/07/2020,SYI-behindAlisRidge,81.696315,5.58293,0,-0.03,V,0,,,,dO18_0628,
PS122/4_47-22,13/07/2020,ds-coring-FYI*,81.425052,0.316621,0.065,0,Z,0,,,,dO18_0169,uCT holder
PS122/4_47-22,13/07/2020,ds-coring-FYI*,81.425052,0.316621,0.075,0,X,0,,,,dO18_0174,uCT holder
PS122/4_47-22,13/07/2020,ds-coring-FYI*,81.425052,0.316621,0.05,0.02,Q,0,,,,dO18_0650,
PS122/4_47-22,13/07/2020,ds-coring-FYI*,81.425052,0.316621,0.03,0,C,0,,,,dO18_0651,
PS122/4_47-22,13/07/2020,ds-coring-FYI*,81.425052,0.316621,0,-0.03,L,0,,,,dO18_0652,
PS122/4_47-22,13/07/2020,ds-coring-FYI*,81.425052,0.316621,-0.03,-0.06,S,0,,,,dO18_0653,
PS122/4_47-66,15/07/2020,radiation-stn,81.300986,0.330837,0.09,0,V,0,,,,dO18_0164,uCT holder
PS122/4_47-66,15/07/2020,radiation-stn,81.300986,0.330837,0.11,0,AE,0,,,,dO18_0173,uCT holder
PS122/4_47-76,16/07/2020,optics-stern,81.223275,0.278991,0.08,0,L,0,,,,dO18_0170,uCT holder
PS122/4_47-76,16/07/2020,optics-stern,81.223275,0.278991,0.05,0,Q,0,,,,dO18_0171,uCT holder
PS122/4_47-76,16/07/2020,optics-stern,81.223275,0.278991,0.045,0,AF,0,,,,dO18_0172,uCT holder
PS122/4_47-77,15/07/2020,optics-transect-SYI,81.300299,0.329165,0,0,AB,0,,,,dO18_0166,uCT holder
PS122/4_48-142,24/07/2020,Jaridge,80.198576,-0.575309,0.07,0.035,V,0,,,,dO18_0692,
PS122/4_48-142,24/07/2020,Jaridge,80.198576,-0.575309,0.035,0,V,0,,,,dO18_0695,
PS122/4_48-143,24/07/2020,Jaridge,80.194934,-0.579205,0.05,0,M,0,,,,dO18_0699,
PS122/4_48-144,24/07/2020,Jaridge,80.190981,-0.584618,0.06,0,L,0,,,,dO18_0685,
PS122/4_48-145,24/07/2020,Jaridge,80.18728,-0.590886,0.05,0,U,0,,,,dO18_0690,
PS122/4_48-146,25/07/2020,Met-City-Ridge,79.992951,-0.653278,0.07,0.04,S,0,,,,dO18_0661,
PS122/4_48-146,25/07/2020,Met-City-Ridge,79.992951,-0.653278,0.04,0.01,N,0,,,,dO18_0662,
PS122/4_48-177,26/07/2020,RS5-A3,79.797172,-1.741012,0.09,0.06,K,0,,,,dO18_0665,
PS122/4_48-177,26/07/2020,RS5-A3,79.797172,-1.741012,0.12,0.09,Q,0,,,,dO18_0666,
PS122/4_48-177,26/07/2020,RS5-A3,79.797172,-1.741012,0.06,0.03,L,0,,,,dO18_0667,
PS122/4_48-177,26/07/2020,RS5-A3,79.797172,-1.741012,0.15,0.12,C,0,,,,dO18_0668,
PS122/4_48-177,26/07/2020,RS5-A3,79.797172,-1.741012,0.18,0.15,T,0,,,,dO18_0669,
PS122/4_48-177,26/07/2020,RS5-A3,79.797172,-1.741012,0.03,0,G,0,,,,dO18_0672,
PS122/4_48-40,20/07/2020,ds-coring-FYI*,80.782392,-0.440613,0.06,0.03,T,0,,,,dO18_0654,
PS122/4_48-40,20/07/2020,ds-coring-FYI*,80.782392,-0.440613,0.03,0,V,0,,,,dO18_0655,
PS122/4_48-40,20/07/2020,ds-coring-FYI*,80.782392,-0.440613,0,-0.03,W,0,,,,dO18_0656,
PS122/4_48-41,20/07/2020,optics-ECO,80.754259,-0.501642,0,-0.01,A,0,,,,dO18_0057,dusty lid used
PS122/4_48-41,20/07/2020,optics-ECO,80.754259,-0.501642,0.06,0.03,K,0,,,,dO18_0657,
PS122/4_48-41,20/07/2020,optics-ECO,80.754259,-0.501642,0.03,0,Y,0,,,,dO18_0658,
PS122/4_48-41,20/07/2020,optics-ECO,80.754259,-0.501642,-0.01,-0.02,H,0,,,,dO18_0659,
PS122/4_48-41,20/07/2020,optics-ECO,80.754259,-0.501642,-0.02,-0.04,Q,0,,,,dO18_0660,
PS122/4_48-42,21/07/2020,optics-ECO,80.635336,-0.530859,0.02,0,I,0,,,,dO18_0010,albedo point 1A
PS122/4_48-42,21/07/2020,optics-ECO,80.635336,-0.530859,0.01,0,F,0,,,,dO18_0011,albedo point 1B
PS122/4_48-47,22/07/2020,optics-ECO,80.508354,-0.513978,0.06,0,S,0,,,,dO18_0682,
PS122/4_48-47,22/07/2020,optics-ECO,80.508354,-0.513978,0.1,0.07,AA,0,,,,dO18_0683,
PS122/4_48-47,22/07/2020,optics-ECO,80.508354,-0.513978,0.07,0.05,AA,0,,,,dO18_0697,
PS122/4_48-47,22/07/2020,optics-ECO,80.508354,-0.513978,0.05,0,AA,0,,,,dO18_0698,
PS122/4_48-58,22/07/2020,optics-ECO,80.46789,-0.572753,0.09,0.06,X,0,,,,dO18_0686,
PS122/4_48-58,22/07/2020,optics-ECO,80.46789,-0.572753,0.06,0.03,X,0,,,,dO18_0687,
PS122/4_48-58,22/07/2020,optics-ECO,80.46789,-0.572753,0.03,0,X,0,,,,dO18_0688,
PS122/4_49-47,29/07/2020,RS5-A4,79.187972,-2.590231,0.17,0.14,M,0,,,,dO18_0673,
PS122/4_49-47,29/07/2020,RS5-A4,79.187972,-2.590231,0.26,0.23,S,0,,,,dO18_0676,
PS122/4_49-47,29/07/2020,RS5-A4,79.187972,-2.590231,0.2,0.17,W,0,,,,dO18_0677,
PS122/4_49-47,29/07/2020,RS5-A4,79.187972,-2.590231,0.11,0.08,H,0,,,,dO18_0678,
PS122/4_49-47,29/07/2020,RS5-A4,79.187972,-2.590231,0.05,0.02,J,0,,,,dO18_0679,
PS122/4_49-47,29/07/2020,RS5-A4,79.187972,-2.590231,0.14,0.11,I,0,,,,dO18_0680,
PS122/4_49-47,29/07/2020,RS5-A4,79.187972,-2.590231,0.08,0.05,Y,0,,,,dO18_0681,
PS122/4_49-47,29/07/2020,RS5-A4,79.187972,-2.590231,0.23,0.2,D,0,,,,dO18_0700,
PS122/4_49-7,27/07/2020,optics-ECO,79.637462,-2.247271,0.06,0,AD,0,,,,dO18_0684,
PS122/4_49-7,27/07/2020,optics-ECO,79.637462,-2.247271,0.04,0,Q,0,,,,dO18_0696,
PS122/4_49-8,27/07/2020,ds-coring-FYI*,79.629832,-2.248657,0.07,0.04,E,0,,,,dO18_0670,
PS122/4_49-8,27/07/2020,ds-coring-FYI*,79.629832,-2.248657,0.04,0.01,V,0,,,,dO18_0671,
PS122/4_49-8,27/07/2020,ds-coring-FYI*,79.629832,-2.248657,0.1,0.07,AF,0,,,,dO18_0689,
PS122/4_49-8,27/07/2020,ds-coring-FYI*,79.629832,-2.248657,0.07,0.04,AF,0,,,,dO18_0691,
PS122/4_49-8,27/07/2020,ds-coring-FYI*,79.629832,-2.248657,0.04,0,AF,0,,,,dO18_0693,
PS122/5_59-204,22/08/2020,SNOW5_ROV,87.751934,104.545247,0.03,0,D,0,,,21.5,dO18_0702,
PS122/5_59-206,22/08/2020,SNOW5_RS,87.756544,104.731515,0.06,0.03,S,0,,,21.6,,
PS122/5_59-222,23/08/2020,SNOW5_MET,87.757849,105.99037,0.07,0.04,K,0,,,21.6,,
PS122/5_59-222,23/08/2020,SNOW5_MET,87.757849,105.99037,0.04,0.01,M,0,,,21.6,,
PS122/5_59-235,23/08/2020,SNOW5_OC,87.754877,105.90981,0.04,0.01,V,0,,,21.4,dO18_0704,
PS122/5_59-235,23/08/2020,SNOW5_OC,87.754877,105.90981,0.07,0.04,I,0,,,21.7,,
PS122/5_59-250,24/08/2020,SNOW5_RS,87.767797,105.546037,0.04,0.01,Y,0,,,21.7,,
PS122/5_59-250,24/08/2020,SNOW5_RS,87.767797,105.546037,0.1,0.07,J,0,,,21.9,,
PS122/5_59-250,24/08/2020,SNOW5_RS,87.767797,105.546037,0.07,0.04,T,0,,,21.7,,
PS122/5_59-267,25/08/2020,SNOW5_ROV,87.777116,104.772369,0.04,0.01,W,0,,,21.6,dO18_0701,
PS122/5_59-267,25/08/2020,SNOW5_ROV,87.777116,104.772369,0.08,0.05,Q,0,,,21.7,,
PS122/5_59-267,25/08/2020,SNOW5_ROV,87.777116,104.772369,0.11,0.08,B,0,,,21.5,,
PS122/5_59-292,26/08/2020,SNOW5_ALBK,87.828525,104.612719,0.04,0.01,L,0,,,21.5,,
PS122/5_59-292,26/08/2020,SNOW5_ALBK,87.828525,104.612719,0.07,0.04,E,0,,,21.5,,
PS122/5_59-292,26/08/2020,SNOW5_ALBK,87.828525,104.612719,0.1,0.07,H,0,,,21.4,,
PS122/5_59-313,27/08/2020,SNOW5_RS,87.945329,107.493158,0.05,0.02,F,0,,,21.4,,
PS122/5_59-313,27/08/2020,SNOW5_RS,87.945329,107.493158,0.03,0,N,0,,,21.3,,
PS122/5_59-350,28/08/2020,SNOW5_ALBK,88.02438,108.658333,0.06,0.03,G,0,,,21.5,,
PS122/5_59-350,28/08/2020,SNOW5_ALBK,88.02438,108.658333,0.03,0,O,0,,,21.6,,
PS122/5_59-352,28/08/2020,SNOW5_ROV,88.034057,108.874153,0.04,0.01,A,0,,,21.9,dO18_0703,
PS122/5_60-128,05/09/2020,SNOW5_ALBK,88.750308,119.466975,0.035,0.005,G,0,,,21.6,,
PS122/5_60-142,05/09/2020,SNOW5_ROV,88.746582,119.405322,0.02,0,H,0,,,20.9,,
PS122/5_60-2,31/08/2020,SNOW5_CORING,88.284476,113.764353,0.04,0.01,S,0,,,21.1,,
PS122/5_60-24,01/09/2020,SNOW5_MET,88.339311,114.90397,0.05,0.02,T,0,,,20.9,,
PS122/5_60-26,01/09/2020,SNOW5_ROV,88.345061,115.148576,0.04,0.01,I,0,,,21.3,,
PS122/5_60-78,03/09/2020,SNOW5_ROV,88.584335,120.017143,0.04,0.01,D,0,,,21.1,,
PS122/5_60-91,04/09/2020,SNOW5_ALBK,88.697669,120.650948,0.033,0.015,J,0,,,20.7,,
PS122/5_61-132,10/09/2020,SNOW5_RS,88.708939,107.2105,0.035,0.005,E,0,,,21.6,,
PS122/5_61-162,11/09/2020,SNOW5_MET,88.733934,104.723708,0.08,0.05,F,0,,,21.1,,
PS122/5_61-198,12/09/2020,SNOW5_ROV,88.770863,101.628044,0.04,0.01,B,0,,,21.7,dO18_0705,
PS122/5_61-198,12/09/2020,SNOW5_ROV,88.770863,101.628044,0.07,0.04,C,0,,,21.9,,
PS122/5_61-2,07/09/2020,SNOW5_CORING,88.726446,112.117193,0.045,0.015,W,0,,,21.5,,
PS122/5_61-210,12/09/2020,LEAD_ICE_OC,88.771369,101.209891,-0.045,-0.06,S,1.1,,,23.7,,
PS122/5_61-210,12/09/2020,LEAD_ICE_OC,88.771369,101.209891,-0.08,-0.12,M,1.1,,,22.7,,
PS122/5_61-210,12/09/2020,LEAD_ICE_OC,88.771369,101.209891,-0.03,-0.045,S,1,,,23.7,,
PS122/5_61-210,12/09/2020,LEAD_ICE_OC,88.771369,101.209891,-0.01,-0.03,S,1.2,,,23.4,,
PS122/5_61-210,12/09/2020,LEAD_ICE_OC,88.771369,101.209891,-0.06,-0.08,M,0.8,,,23.4,,
PS122/5_61-210,12/09/2020,LEAD_ICE_OC,88.771369,101.209891,-0.08,-0.1,M,0.8,,,22.6,,
PS122/5_61-236,13/09/2020,SNOW5_ALBK,88.856541,97.536664,0.07,0.04,A,0,,,21.6,,
PS122/5_61-236,13/09/2020,SNOW5_ALBK,88.856541,97.536664,0.04,0.01,D,0,,,21.6,,
PS122/5_61-25,08/09/2020,SNOW5_ROV,88.67611,112.661966,0.03,0.01,O,0,,,21.6,dO18_0149,"surface, too hard for deep density measurements"
PS122/5_61-28,08/09/2020,SNOW5_MET,88.676125,112.350289,0.025,-0.005,V,0,,,21.7,,
PS122/5_61-4,07/09/2020,SNOW5_RS,88.703571,111.962607,0.03,0,A,0,,,21.9,,
PS122/5_61-97,09/09/2020,SNOW5_MET,88.729162,112.875178,0.03,0,Q,0,,,21.4,dO18_0070,not quite full vial
PS122/5_61-97,09/09/2020,SNOW5_MET,88.729162,112.875178,0.06,0.03,Y,0,,,21.8,dO18_0071,not quite full vial
PS122/5_61-97,09/09/2020,SNOW5_MET,88.729162,112.875178,0.12,0.09,B,0,,,21.8,dO18_0181,weight need to be combined with dO18_599
PS122/5_61-97,09/09/2020,SNOW5_MET,88.729162,112.875178,0.09,0.06,K,0,,,21.8,dO18_0182,weight need to be combined with dO18_611
PS122/5_62-10,14/09/2020,SNOW5_CORING,89.004131,99.049388,0.08,0.05,G,0,,,21.8,,
PS122/5_62-10,14/09/2020,SNOW5_CORING,89.004131,99.049388,0.03,0,I,0,,,21.5,,
PS122/5_62-10,14/09/2020,SNOW5_CORING,89.004131,99.049388,0.05,0.02,H,0,,,21.7,,
PS122/5_62-10,14/09/2020,SNOW5_CORING,89.004131,99.049388,0,-0.02,X,0,,,18.4,,
PS122/5_62-10,14/09/2020,SNOW5_CORING,89.004131,99.049388,0.04,0.02,X,0,,,18.6,,
PS122/5_62-10,14/09/2020,SNOW5_CORING,89.004131,99.049388,0.02,0,X,0,,,18.6,,
PS122/5_62-10,14/09/2020,SNOW5_CORING,89.004131,99.049388,0.07,0.04,X,0,,,20.2,,
PS122/5_62-101,17/09/2020,SNOW5_TRANS_ARIEL_PIT,89.025123,108.168295,0.04,0.01,Y,0,,,19.8,,
PS122/5_62-119,18/09/2020,SNOW5_RADST_POND,89.065579,107.226262,0.07,0.04,T,0,,,19,,
PS122/5_62-119,18/09/2020,SNOW5_RADST_POND,89.065579,107.226262,0.04,0.01,B,0,,,19.6,,
PS122/5_62-119,18/09/2020,SNOW5_RADST_POND,89.065579,107.226262,0.04,0.02,AE,0,,,23.9,,
PS122/5_62-119,18/09/2020,SNOW5_RADST_POND,89.065579,107.226262,0.02,0,AE,0.3,,,24.3,,
PS122/5_62-119,18/09/2020,SNOW5_RADST_POND,89.065579,107.226262,0.07,0.04,AE,0.2,,,24.1,,
PS122/5_62-123,18/09/2020,SNOW5_TCHAIN_2020T78,89.067467,107.311044,0.04,0.01,F,0,,,20.1,,
PS122/5_62-124,18/09/2020,SNOW5_MET,89.070548,107.343742,0.035,0.005,E,0,,,20.1,,
PS122/5_62-124,18/09/2020,SNOW5_MET,89.070548,107.343742,0.065,0.035,E22,0,,,20,,
PS122/5_62-124,18/09/2020,SNOW5_MET,89.070548,107.343742,0.04,0.02,AA,0,,,24.1,,
PS122/5_62-124,18/09/2020,SNOW5_MET,89.070548,107.343742,0,-0.02,AA,0.3,,,23,,
PS122/5_62-124,18/09/2020,SNOW5_MET,89.070548,107.343742,0.02,0,AA,0.1,,,23.9,,
PS122/5_62-124,18/09/2020,SNOW5_MET,89.070548,107.343742,0.065,0.04,AA,0,,,23,,
PS122/5_62-126,18/09/2020,SNOW5_FMI_RADST,89.073609,107.075181,0.06,0.03,I,0,,,21,,
PS122/5_62-126,18/09/2020,SNOW5_FMI_RADST,89.073609,107.075181,0.03,0,K,0.1,,,21.2,,
PS122/5_62-126,18/09/2020,SNOW5_FMI_RADST,89.073609,107.075181,0.02,0,AB,0.2,,,23.3,,
PS122/5_62-126,18/09/2020,SNOW5_FMI_RADST,89.073609,107.075181,0.06,0.04,AB,0,,,23.9,,
PS122/5_62-126,18/09/2020,SNOW5_FMI_RADST,89.073609,107.075181,0.04,0.02,AB,0.1,,,23.8,,
PS122/5_62-139,19/09/2020,FLUX_SLED_POND,89.146214,110.819362,0.03,0,AD,0.9,,,21.3,,
PS122/5_62-139,19/09/2020,FLUX_SLED_POND,89.146214,110.819362,0.03,0,O,0.2,,,21.7,,
PS122/5_62-139,19/09/2020,FLUX_SLED_POND,89.146214,110.819362,-0.095,-0.12,AD,1.8,,,24.5,,
PS122/5_62-139,19/09/2020,FLUX_SLED_POND,89.146214,110.819362,-0.16,-0.18,AD,1.3,,,23.9,,
PS122/5_62-139,19/09/2020,FLUX_SLED_POND,89.146214,110.819362,-0.02,-0.05,AD,0.7,,,24.1,,
PS122/5_62-139,19/09/2020,FLUX_SLED_POND,89.146214,110.819362,-0.12,-0.14,AD,1.3,,,24.2,,
PS122/5_62-139,19/09/2020,FLUX_SLED_POND,89.146214,110.819362,-0.07,-0.095,AD,3.1,,,24.2,,
PS122/5_62-139,19/09/2020,FLUX_SLED_POND,89.146214,110.819362,-0.14,-0.16,AD,2.7,,,24.2,,
PS122/5_62-139,19/09/2020,FLUX_SLED_POND,89.146214,110.819362,0,-0.02,AD,0.6,,,24.3,,
PS122/5_62-139,19/09/2020,FLUX_SLED_POND,89.146214,110.819362,-0.05,-0.07,AD,1.2,,,24.1,,
PS122/5_62-140,19/09/2020,SNOW5_RS,89.141897,110.790995,0.05,0.02,G,0,,,21.7,,
PS122/5_62-140,19/09/2020,SNOW5_RS,89.141897,110.790995,0.03,0,H,0,,,21.5,,
PS122/5_62-140,19/09/2020,SNOW5_RS,89.141897,110.790995,0,-0.02,AF,0,,,24.1,,
PS122/5_62-140,19/09/2020,SNOW5_RS,89.141897,110.790995,0.02,0,AF,0,,,23.9,,
PS122/5_62-140,19/09/2020,SNOW5_RS,89.141897,110.790995,0.05,0.02,AF,0,,,24,,
PS122/5_62-146,19/09/2020,SNOW5_TCHAIN_RS,89.138908,110.399341,0.04,0.01,Q,0,,,20.5,,
PS122/5_62-39,15/09/2020,SNOW5_FLUX,89.072621,107.470892,0.07,0.04,E45,0.1,,,21.6,,
PS122/5_62-39,15/09/2020,SNOW5_FLUX,89.072621,107.470892,0.04,0.01,E17,0,,,21.4,,
PS122/5_62-44,15/09/2020,SNOW5_RS,89.064766,107.785536,0.03,0,E22,0.1,,,21.5,,
PS122/5_62-44,15/09/2020,SNOW5_RS,89.064766,107.785536,0.04,0.02,Z,0.1,,,20.7,,
PS122/5_62-44,15/09/2020,SNOW5_RS,89.064766,107.785536,0,-0.02,Z,0,,,20,,
PS122/5_62-44,15/09/2020,SNOW5_RS,89.064766,107.785536,0.02,0,Z,0.1,,,18.9,,
PS122/5_62-69,16/09/2020,SNOW5_ROV,89.089668,108.640834,0.035,0.005,S,0,,,20.3,,
PS122/5_62-69,16/09/2020,SNOW5_ROV,89.089668,108.640834,0.065,0.035,G20,0,,,16.7,,
PS122/5_62-69,16/09/2020,SNOW5_ROV,89.089668,108.640834,0,-0.02,AC,0.1,,,24.1,,
PS122/5_62-69,16/09/2020,SNOW5_ROV,89.089668,108.640834,0.03,0,AC,0,,,24.1,,
PS122/5_62-69,16/09/2020,SNOW5_ROV,89.089668,108.640834,0.065,0.03,AC,0,,,24.1,,
PS122/5_62-89,17/09/2020,SNOW5_ALBK,89.028433,108.167418,0.05,0.02,V,0,,,19.7,,
PS122/5_62-89,17/09/2020,SNOW5_ALBK,89.028433,108.167418,0.08,0.05,W,0,,,20.6,,
PS122/5_62-89,17/09/2020,SNOW5_ALBK,89.028433,108.167418,0.035,0.005,W,0,,,23.4,,
PS122/5_62-89,17/09/2020,SNOW5_ALBK,89.028433,108.167418,0.065,0.035,W,0,,,23.4,,
PS122/5_62-89,17/09/2020,SNOW5_ALBK,89.028433,108.167418,0.005,-0.025,W,0,,,22.2,,
PS122/5_62-99,17/09/2020,SNOW5_FLUX,89.016113,107.546764,0.065,0.035,D,0,,,18.9,,
PS122/5_62-99,17/09/2020,SNOW5_FLUX,89.016113,107.546764,0.035,0.015,NaN,0,,,20.5,,
PS122/5_62-99,17/09/2020,SNOW5_FLUX,89.016113,107.546764,0.06,0.04,Y,0,,,20.4,,
PS122/5_62-99,17/09/2020,SNOW5_FLUX,89.016113,107.546764,0,-0.02,Y,0,,,20.9,,
PS122/5_62-99,17/09/2020,SNOW5_FLUX,89.016113,107.546764,0.04,0.02,Y,0.1,,,20.3,,
PS122/5_62-99,17/09/2020,SNOW5_FLUX,89.016113,107.546764,0.02,0,Y,0,,,20.2,,
PS122/5_63-262,30/09/2020,SNOW5_ICESTATION3,81.728701,1.625851,0.04,0.01,CT62,10,,,22.7,,
PS122/5_63-262,30/09/2020,SNOW5_ICESTATION3,81.728701,1.625851,0.07,0.04,CT61,2.6,,,23.5,,
PS122/5_63-96,24/09/2020,SNOW5_ICESTATION1,86.012462,59.425118,0.045,0.015,G,4.6,,,17.4,,
PS122/5_63-96,24/09/2020,SNOW5_ICESTATION1,86.012462,59.425118,0.075,0.045,W,0.8,,,15.3,,
PS122/5_63-96,24/09/2020,SNOW5_ICESTATION1,86.012462,59.425118,0.025,0,Z,1.7,,,23.9,,
PS122/5_63-96,24/09/2020,SNOW5_ICESTATION1,86.012462,59.425118,0.075,0.05,Z,0.5,,,24,,
PS122/5_63-96,24/09/2020,SNOW5_ICESTATION1,86.012462,59.425118,0.05,0.025,Z,1.2,,,24,,
PS122/5_63-97,26/09/2020,SNOW5_ICESTATION2,86.029337,35.539477,0.06,0.03,T,0,,,16.5,,
PS122/5_63-97,26/09/2020,SNOW5_ICESTATION2,86.029337,35.539477,0.09,0.06,V,0.1,,,17.1,,
PS122/5_63-97,26/09/2020,SNOW5_ICESTATION2,86.029337,35.539477,0.12,0.09,K,0.1,,,20.2,,
PS122/5_63-97,26/09/2020,SNOW5_ICESTATION2,86.029337,35.539477,0.03,0,S,0.1,,,20.5,,
PS122/5_63-97,26/09/2020,SNOW5_ICESTATION2,86.029337,35.539477,0.09,0.06,Y,0.1,,,22.5,,
PS122/5_63-97,26/09/2020,SNOW5_ICESTATION2,86.029337,35.539477,0.03,0,Y,0,,,22.9,,
PS122/5_63-97,26/09/2020,SNOW5_ICESTATION2,86.029337,35.539477,0.06,0.03,Y,0.1,,,24.1,,
PS122/5_63-99,26/09/2020,SNOW5_ICESTATION2,86.032503,35.502449,0.03,0,E22,0,,,19,,
PS122/5_63-99,26/09/2020,SNOW5_ICESTATION2,86.032503,35.502449,0.02,0,AD,0,,,23.9,,